,ID,first_name,last_name,gender,birth,party,profession,education
0,441,Carsten Ullmann,Andersen,M,1975-03-11T00:00:00,O,Offentligt ansat,Erhvervsuddannelse
1,1008,Bo,Sandberg,M,1962-04-29T00:00:00,V,Offentligt ansat,Erhvervsuddannelse
2,106,Isabella,Arendt,F,1993-05-07T00:00:00,C,Privat ansat/selvstændig,Bachelor-/diplomuddannelse
3,546,Christoffer Aagaard,Melson,M,1984-08-16T00:00:00,V,Folketingsmedlem,Kandidat-/masteruddannelse
4,704,Sofie Falck,Villadsen,F,1994-02-27T00:00:00,F,Studerende,Kandidat-/masteruddannelse
5,960,Erik Veje,Rasmussen,M,1959-04-09T00:00:00,V,Privat ansat/selvstændig,Kandidat-/masteruddannelse
6,881,Berit,Raldin,F,1969-11-04T00:00:00,Ø,Offentligt ansat,Kandidat-/masteruddannelse
7,298,Sander Patrick,Larsen,M,2001-05-30T00:00:00,I,Studerende,Bachelor-/diplomuddannelse
8,675,Chresten Heesgård,Ibsen,M,1975-12-02T00:00:00,,Studerende,Erhvervsuddannelse
9,570,Jakob,Ellemann-Jensen,M,1973-09-25T00:00:00,V,Partileder,Kandidat-/masteruddannelse
10,166,Søren,Højbjerg,M,1962-02-05T00:00:00,D,Offentligt ansat,Bachelor-/diplomuddannelse
11,86,Martin Wood,Pedersen,M,1970-03-17T00:00:00,C,Leder,Bachelor-/diplomuddannelse
12,850,David,Rønne,M,1970-11-26T00:00:00,Ø,Privat ansat/selvstændig,Erhvervsuddannelse
13,104,Anders Krojgaard,Lund,M,1990-04-22T00:00:00,C,Byråds- eller regionsrådsmedlem,Bachelor-/diplomuddannelse
14,284,Anne,Hegelund,F,1989-01-26T00:00:00,Ø,Offentligt ansat,Bachelor-/diplomuddannelse
15,883,Malene,Ingwersen,F,1975-10-24T00:00:00,Ø,Byråds- eller regionsrådsmedlem,Seminaruddannelse
16,635,Frank,Sørensen,M,1963-12-25T00:00:00,O,Privat ansat/selvstændig,Erhvervsuddannelse
17,853,Mathilde,Vinther,F,1994-02-18T00:00:00,Ø,Ikke oplyst,Seminaruddannelse
18,803,Malte,Larsen,M,1968-12-19T00:00:00,A,Folketingsmedlem,Erhvervsuddannelse
19,510,Astrid,Søborg,F,1976-05-23T00:00:00,V,Privat ansat/selvstændig,Kandidat-/masteruddannelse
20,255,Peter,Zinckernagel,M,1957-02-10T00:00:00,B,Privat ansat/selvstændig,Kandidat-/masteruddannelse
21,128,Søren Pape,Poulsen,M,1971-12-31T00:00:00,C,Partileder,Ikke oplyst
22,1112,Jesper,Antonsen,M,1985-01-01T00:00:00,,Ikke oplyst,Ikke oplyst
23,647,Mikael Lund,Jensen,M,1970-03-08T00:00:00,O,Privat ansat/selvstændig,Ph.d.-uddannelse
24,10,Vinni Kjærgaard,Jørgensen,F,1966-12-01T00:00:00,Å,Studerende,Seminaruddannelse
25,1062,Line,Gessø,F,1974-10-24T00:00:00,Å,Privat ansat/selvstændig,Kandidat-/masteruddannelse
26,1056,John,Vind,M,1973-03-09T00:00:00,O,Udenfor arbejdsmarkedet,Ikke oplyst
27,382,Troels Stru,Schmidt,M,1982-01-01T00:00:00,F,Offentligt ansat,Ph.d.-uddannelse
28,30,Kasper,Krebs,M,1992-02-12T00:00:00,Å,Ikke oplyst,Seminaruddannelse
29,214,Christina Rittig,Falkberg,F,1975-05-14T00:00:00,B,Privat ansat/selvstændig,Kandidat-/masteruddannelse
30,592,Jan,Carlsen,M,1965-10-21T00:00:00,M,Leder,Gymnasial uddannelse
31,943,Frits Simmelsgaard,Kristensen,M,1961-09-15T00:00:00,K,Privat ansat/selvstændig,Erhvervsuddannelse
32,356,Hans-Henning,Terp-Hansen,M,1973-12-08T00:00:00,I,Ikke oplyst,Ikke oplyst
33,136,Siff Tang,Lassen,F,2002-04-04T00:00:00,C,Studerende,Bachelor-/diplomuddannelse
34,322,Jens,Meilvang,M,1981-04-02T00:00:00,I,Byråds- eller regionsrådsmedlem,Erhvervsuddannelse
35,87,Annette Juhler,Kjær,F,1961-02-18T00:00:00,C,Privat ansat/selvstændig,Ikke oplyst
36,979,Vibeke,Brønnum,F,1953-02-09T00:00:00,Æ,Privat ansat/selvstændig,Kandidat-/masteruddannelse
37,269,Troels,Brandt,M,1967-04-25T00:00:00,B,Leder,Kandidat-/masteruddannelse
38,697,Marianne,Stannum,F,1966-06-29T00:00:00,F,Offentligt ansat,Kandidat-/masteruddannelse
39,228,Jan Werner,Mathiasen,M,1972-03-14T00:00:00,B,Offentligt ansat,Kandidat-/masteruddannelse
40,1025,Xenia,Anderson,F,2002-01-01T00:00:00,Q,Ikke oplyst,Ikke oplyst
41,792,Christian Rabjerg,Madsen,M,1986-03-24T00:00:00,A,Minister,Kandidat-/masteruddannelse
42,249,Michael,Flarup,M,1982-03-31T00:00:00,B,Offentligt ansat,Kandidat-/masteruddannelse
43,1044,Elif Demir,Gökce,F,1975-01-01T00:00:00,K,Ikke oplyst,Ikke oplyst
44,737,Lars Ole Skovgaard,Larsen,M,1962-01-01T00:00:00,Æ,Ikke oplyst,Ikke oplyst
45,365,Robert,Mørck,M,1981-11-24T00:00:00,I,Leder,Kandidat-/masteruddannelse
46,719,Vivi,Altenburg,F,1962-03-15T00:00:00,Æ,Leder,Kandidat-/masteruddannelse
47,90,Andreas,Karlsen,M,1996-01-01T00:00:00,C,Privat ansat/selvstændig,Erhvervsuddannelse
48,123,Roya,Moore,F,1967-01-01T00:00:00,C,Offentligt ansat,Bachelor-/diplomuddannelse
49,712,Inger,Støjberg,F,1973-01-01T00:00:00,Æ,Ikke oplyst,Ikke oplyst
50,11,Nicklas,Gjedsig,M,1994-10-24T00:00:00,Å,Studerende,Kandidat-/masteruddannelse
51,889,Birgit,Gedionsen,F,1953-01-01T00:00:00,Ø,Ikke oplyst,Ikke oplyst
52,967,Cecilie,Holdt,F,1986-08-18T00:00:00,F,Leder,Kandidat-/masteruddannelse
53,163,Pernille,Vermund,F,1975-12-03T00:00:00,D,Partileder,Kandidat-/masteruddannelse
54,134,Ole,Gade,M,1964-03-25T00:00:00,C,Privat ansat/selvstændig,Gymnasial uddannelse
55,21,Rasmus,Foged,M,1978-01-01T00:00:00,Å,Ikke oplyst,Ikke oplyst
56,744,Lars,Goldschmidt,M,1955-09-26T00:00:00,A,Privat ansat/selvstændig,Ph.d.-uddannelse
57,182,Knud,Nielsen,M,1956-01-01T00:00:00,D,Ikke oplyst,Ikke oplyst
58,759,Leif Lahn,Jensen,M,1967-06-29T00:00:00,A,Folketingsmedlem,10. klasse
59,130,Lennart,Qvist,M,1970-10-27T00:00:00,C,Privat ansat/selvstændig,Kandidat-/masteruddannelse
60,478,Kenneth Kristensen,Berth,M,1977-02-03T00:00:00,O,Privat ansat/selvstændig,Kandidat-/masteruddannelse
61,1103,Clara,Wolf,F,1995-01-01T00:00:00,Å,Ikke oplyst,Ikke oplyst
62,146,Kirsten Hassing,Nielsen,F,1977-06-08T00:00:00,C,Leder,Kandidat-/masteruddannelse
63,730,Peter,Skaarup,M,1964-05-01T00:00:00,Æ,Folketingsmedlem,Gymnasial uddannelse
64,809,Mette,Gjerskov,F,1966-07-28T00:00:00,A,Folketingsmedlem,Kandidat-/masteruddannelse
65,638,Kuno,Danielsen,M,1963-05-05T00:00:00,O,Privat ansat/selvstændig,Erhvervsuddannelse
66,682,Emma Thorup,Jacobsen,F,1996-08-20T00:00:00,F,Studerende,Kandidat-/masteruddannelse
67,306,Mikkel,Pedersen,M,1995-01-24T00:00:00,I,Privat ansat/selvstændig,Bachelor-/diplomuddannelse
68,611,Mohammad,Rona,M,1985-01-01T00:00:00,M,Ikke oplyst,Ikke oplyst
69,988,Alexandra,Sasha,F,1995-11-14T00:00:00,V,Privat ansat/selvstændig,Bachelor-/diplomuddannelse
70,1131,Simon Dahl,Verner,M,1980-01-01T00:00:00,F,Ikke oplyst,Ikke oplyst
71,240,Kristian,Stokholm,M,1963-02-03T00:00:00,B,Offentligt ansat,Kandidat-/masteruddannelse
72,354,Kenneth Skatka,Hammer,M,1986-01-01T00:00:00,I,Ikke oplyst,Ikke oplyst
73,534,Iben Kiilerich,Krog,F,1992-08-24T00:00:00,V,Privat ansat/selvstændig,Kandidat-/masteruddannelse
74,680,David Dam,Jensen,M,2002-08-13T00:00:00,F,Studerende,Gymnasial uddannelse
75,317,Steffen,Troldtoft,M,1983-01-01T00:00:00,I,Ikke oplyst,Ikke oplyst
76,31,Bodil,Helbo,F,1949-01-01T00:00:00,Å,Ikke oplyst,Ikke oplyst
77,371,Halime,Oguz,F,1970-06-15T00:00:00,F,Folketingsmedlem,Kandidat-/masteruddannelse
78,12,Jef,Seistrup,M,1958-04-27T00:00:00,Å,Privat ansat/selvstændig,Erhvervsuddannelse
79,857,Stine Rahbek,Pedersen,F,1977-08-16T00:00:00,Ø,Ikke oplyst,Ikke oplyst
80,854,Helge Bo,Jensen,M,1959-07-23T00:00:00,Ø,Byråds- eller regionsrådsmedlem,Kandidat-/masteruddannelse
81,858,Øjvind,Vilsholm,M,1967-06-03T00:00:00,Ø,Privat ansat/selvstændig,Kandidat-/masteruddannelse
82,999,Helle,Wium,F,1966-11-06T00:00:00,Å,Privat ansat/selvstændig,Ph.d.-uddannelse
83,632,Daniel Aage,Holm,M,1992-01-01T00:00:00,O,Ikke oplyst,Ikke oplyst
84,981,Kurt Vind,Christiansen,M,1950-05-21T00:00:00,I,Privat ansat/selvstændig,Kandidat-/masteruddannelse
85,175,Tom,Andkjær,M,1970-01-01T00:00:00,D,Privat ansat/selvstændig,Erhvervsuddannelse
86,24,H.C.,Molbech,M,1976-06-17T00:00:00,Å,Privat ansat/selvstændig,Kandidat-/masteruddannelse
87,750,Jens,Joel,M,1978-05-12T00:00:00,A,Folketingsmedlem,Ikke oplyst
88,764,Jørgen Mørup,Pedersen,M,1944-06-17T00:00:00,A,Offentligt ansat,Kandidat-/masteruddannelse
89,1011,Jacob Chr.,Nielsen,M,1973-01-01T00:00:00,V,Ikke oplyst,Ikke oplyst
90,1061,Thomas,Lindqvist,M,1989-12-16T00:00:00,Å,Privat ansat/selvstændig,Kandidat-/masteruddannelse
91,692,Kenneth,Werby,M,1991-12-02T00:00:00,F,Privat ansat/selvstændig,Erhvervsuddannelse
92,954,Tage,Sørensen,M,1956-04-03T00:00:00,K,Privat ansat/selvstændig,Kandidat-/masteruddannelse
93,263,Sofie Carsten,Nielsen,F,1975-05-24T00:00:00,B,Partileder,Kandidat-/masteruddannelse
94,955,Brian,Nielsen,M,1975-11-29T00:00:00,D,Offentligt ansat,Erhvervsuddannelse
95,113,Jens-Henrik,Kirk,M,1977-04-11T00:00:00,C,Leder,Bachelor-/diplomuddannelse
96,432,Melina,Andersen,F,1994-08-25T00:00:00,F,Studerende,Bachelor-/diplomuddannelse
97,301,Louie,Andersen,M,2000-01-01T00:00:00,I,Ikke oplyst,Ikke oplyst
98,662,Karina,Dammand,F,1980-03-29T00:00:00,Q,Offentligt ansat,Bachelor-/diplomuddannelse
99,984,Mette,Vinqvist,F,1969-12-08T00:00:00,I,Privat ansat/selvstændig,Ph.d.-uddannelse
100,811,Lars,Fibæk,M,1955-01-01T00:00:00,A,Ikke oplyst,Ikke oplyst
101,238,Kim,Lei-Jensen,M,1974-10-03T00:00:00,B,Privat ansat/selvstændig,Gymnasial uddannelse
102,358,Victor,Horsted,M,1999-03-07T00:00:00,I,Studerende,Bachelor-/diplomuddannelse
103,159,Claus Bøgh,Svenningsen,M,1991-06-12T00:00:00,D,Leder,Gymnasial uddannelse
104,37,Noah Reinert,Sturis,M,1993-10-30T00:00:00,Å,Studerende,Kandidat-/masteruddannelse
105,516,Mathias,Rinaldo,M,1998-01-01T00:00:00,V,Ikke oplyst,Ikke oplyst
106,743,Theis Kylling,Hommeltoft,M,1985-04-23T00:00:00,A,Byråds- eller regionsrådsmedlem,Bachelor-/diplomuddannelse
107,923,Britta,Eckhardt,F,1963-01-01T00:00:00,K,Ikke oplyst,Ikke oplyst
108,849,Mette Bloch,Hansen,F,1977-04-10T00:00:00,Ø,Ikke oplyst,Kandidat-/masteruddannelse
109,695,Mads Bruun Buch,Olsen,M,2002-01-01T00:00:00,F,Offentligt ansat,Gymnasial uddannelse
110,576,Troels Lund,Poulsen,M,1976-03-30T00:00:00,V,Folketingsmedlem,Gymnasial uddannelse
111,1116,Katjalivah,Elleyhansen,F,1985-01-01T00:00:00,,Ikke oplyst,Ikke oplyst
112,245,Marie,Kampmann,F,1986-10-25T00:00:00,B,Privat ansat/selvstændig,Kandidat-/masteruddannelse
113,363,Steffen,Sjørslev,M,1997-02-17T00:00:00,I,Studerende,Bachelor-/diplomuddannelse
114,766,Tanja,Larsson,F,1977-01-01T00:00:00,A,Folketingsmedlem,Bachelor-/diplomuddannelse
115,1080,Nilas,Bay-Foged,M,1978-07-19T00:00:00,Å,Privat ansat/selvstændig,Kandidat-/masteruddannelse
116,346,Martin Sibast,Laugesen,M,1974-06-06T00:00:00,I,Privat ansat/selvstændig,Kandidat-/masteruddannelse
117,486,Rene,Danielsson,M,1987-01-01T00:00:00,O,Offentligt ansat,Gymnasial uddannelse
118,998,Qasam Nazir,Ahmad,M,1980-01-30T00:00:00,Å,Offentligt ansat,Kandidat-/masteruddannelse
119,231,Jes Vissing,Tiedemann,M,1983-02-25T00:00:00,B,Privat ansat/selvstændig,Kandidat-/masteruddannelse
120,1030,Janne,Toft-Lind,F,1971-09-01T00:00:00,Ø,Byråds- eller regionsrådsmedlem,Gymnasial uddannelse
121,798,Lasse Haugaard,Pedersen,M,1995-06-02T00:00:00,A,Privat ansat/selvstændig,Kandidat-/masteruddannelse
122,85,Mads,Silberg,M,1972-11-16T00:00:00,C,Privat ansat/selvstændig,Kandidat-/masteruddannelse
123,312,Lene,Foged,F,1970-04-20T00:00:00,I,Privat ansat/selvstændig,Bachelor-/diplomuddannelse
124,466,Jan,Herskov,M,1966-07-15T00:00:00,O,Offentligt ansat,Erhvervsuddannelse
125,321,Alex,Vanopslagh,M,1991-10-17T00:00:00,I,Folketingsmedlem,Kandidat-/masteruddannelse
126,628,Alex,Ahrendtsen,M,1967-02-14T00:00:00,O,Folketingsmedlem,Kandidat-/masteruddannelse
127,107,Per,Larsen,M,1965-06-27T00:00:00,C,Folketingsmedlem,Erhvervsuddannelse
128,410,Karina Lorentzen,Dehnhardt,F,1973-10-26T00:00:00,F,Ordfører for et parti,Kandidat-/masteruddannelse
129,968,Jacob,Vestergaard,M,2004-05-12T00:00:00,V,Studerende,Gymnasial uddannelse
130,145,Dan Foss,Kragh,M,1964-12-16T00:00:00,C,Privat ansat/selvstændig,Erhvervsuddannelse
131,909,Kurt,Pedersen,M,1955-01-01T00:00:00,K,Ikke oplyst,Ikke oplyst
132,488,Birthe Tindbæk,Bredo,F,1959-01-01T00:00:00,V,Privat ansat/selvstændig,Bachelor-/diplomuddannelse
133,504,Jan E.,Jørgensen,M,1965-02-19T00:00:00,V,Folketingsmedlem,Kandidat-/masteruddannelse
134,344,Alexander,Ryle,M,1990-10-17T00:00:00,I,Privat ansat/selvstændig,Kandidat-/masteruddannelse
135,1074,Michael,Jensen,M,1971-05-03T00:00:00,O,Privat ansat/selvstændig,Erhvervsuddannelse
136,735,Mette,Qwinten,F,1982-02-08T00:00:00,Æ,Privat ansat/selvstændig,Bachelor-/diplomuddannelse
137,584,Charlotte Bagge,Hansen,F,1969-01-01T00:00:00,M,Privat ansat/selvstændig,Gymnasial uddannelse
138,995,Lasse,Ovesen,M,1965-01-01T00:00:00,B,Leder,Seminaruddannelse
139,487,Marianne,Karlsmose,F,1973-06-06T00:00:00,K,Partileder,Kandidat-/masteruddannelse
140,591,Jakob,Engel-Schmidt,M,1983-10-24T00:00:00,M,Leder,Kandidat-/masteruddannelse
141,574,Stephan,Arnold,M,1978-05-11T00:00:00,V,Privat ansat/selvstændig,Bachelor-/diplomuddannelse
142,870,Lucasia,Gregersen,F,2000-11-25T00:00:00,Ø,Studerende,Bachelor-/diplomuddannelse
143,832,Mette,Nielsen,F,1972-03-24T00:00:00,A,Offentligt ansat,Kandidat-/masteruddannelse
144,1085,David,Christensen,M,1984-01-01T00:00:00,B,Ikke oplyst,Ikke oplyst
145,434,Theresa Berg,Andersen,F,1979-12-29T00:00:00,F,Offentligt ansat,Bachelor-/diplomuddannelse
146,100,Frederikke Noa,Jung,F,2001-07-01T00:00:00,C,Studerende,Grundskole
147,753,Sara Emil,Baaring,F,1986-10-11T00:00:00,A,Offentligt ansat,Seminaruddannelse
148,700,Nynne Christinna Kornmaaler,Printz,F,1968-01-01T00:00:00,F,Ikke oplyst,Ikke oplyst
149,522,Mette,Hardam,F,1973-03-30T00:00:00,V,Ikke oplyst,Ikke oplyst
150,272,Trine Pertou,Mach,F,1969-01-01T00:00:00,Ø,Leder,Kandidat-/masteruddannelse
151,1097,Jørn,Grønkjær,M,1952-11-02T00:00:00,Å,Privat ansat/selvstændig,Seminaruddannelse
152,71,Nikolaj,Bøgh,M,1969-01-20T00:00:00,C,Privat ansat/selvstændig,Kandidat-/masteruddannelse
153,978,Erik,Poulsen,M,1962-06-23T00:00:00,Æ,Privat ansat/selvstændig,Erhvervsuddannelse
154,720,Hans Kristian,Skibby,M,1969-01-18T00:00:00,Æ,Folketingsmedlem,Gymnasial uddannelse
155,337,Peter,Loft,M,1957-07-07T00:00:00,I,Privat ansat/selvstændig,Kandidat-/masteruddannelse
156,120,Kristian,Guldfeldt,M,1991-04-02T00:00:00,C,Privat ansat/selvstændig,Kandidat-/masteruddannelse
157,789,Rasmus Horn,Langhoff,M,1980-10-08T00:00:00,A,Folketingsmedlem,Kandidat-/masteruddannelse
158,503,Claus,Buch,M,1972-08-24T00:00:00,V,Privat ansat/selvstændig,Erhvervsuddannelse
159,96,Heidi,Printzen,F,1972-10-10T00:00:00,C,Offentligt ansat,Kandidat-/masteruddannelse
160,223,Hanne Ringgaard,Møller,F,1964-01-01T00:00:00,B,Ikke oplyst,Ikke oplyst
161,782,Rasmus,Prehn,M,1973-06-18T00:00:00,A,Minister,Kandidat-/masteruddannelse
162,550,Klaus,Sandfeld,M,1965-08-07T00:00:00,V,Privat ansat/selvstændig,Gymnasial uddannelse
163,1102,Charlotte,Petersen,F,1975-01-01T00:00:00,,Ikke oplyst,Ikke oplyst
164,268,Tine,Hessner,F,1967-11-27T00:00:00,B,Privat ansat/selvstændig,Kandidat-/masteruddannelse
165,1016,Kristjar,Skajaa,M,1954-01-10T00:00:00,Ø,Udenfor arbejdsmarkedet,Ph.d.-uddannelse
166,851,Dorthe,Hecht,F,1949-01-01T00:00:00,Ø,Byråds- eller regionsrådsmedlem,Seminaruddannelse
167,127,Dina Myrup,Raabjerg,F,1971-02-06T00:00:00,C,Privat ansat/selvstændig,Kandidat-/masteruddannelse
168,417,Morten Siig,Henriksen,M,1997-08-13T00:00:00,F,Studerende,Bachelor-/diplomuddannelse
169,905,Sabrina Louise,Christiansen,F,1995-07-03T00:00:00,Ø,Byråds- eller regionsrådsmedlem,Bachelor-/diplomuddannelse
170,403,Karsten,Hønge,M,1958-09-25T00:00:00,F,Folketingsmedlem,Erhvervsuddannelse
171,326,Nicolai,Wang,M,2003-01-01T00:00:00,I,Ikke oplyst,Ikke oplyst
172,614,Nikolaj,Gam-Pedersen,M,1993-01-14T00:00:00,M,Offentligt ansat,Kandidat-/masteruddannelse
173,831,Halima El,Abassi,F,1978-04-09T00:00:00,A,Offentligt ansat,Kandidat-/masteruddannelse
174,539,Malene,Grandjean,F,1975-10-03T00:00:00,V,Leder,Kandidat-/masteruddannelse
175,1058,Søren Lund,Hansen,M,1974-04-29T00:00:00,O,Leder,Bachelor-/diplomuddannelse
176,45,Jan,Kristoffersen,M,1974-07-05T00:00:00,Å,Privat ansat/selvstændig,Bachelor-/diplomuddannelse
177,1049,Michael,Pihl,M,1966-01-19T00:00:00,O,Offentligt ansat,Kandidat-/masteruddannelse
178,202,Anders,Højsted,M,1973-03-16T00:00:00,B,Offentligt ansat,Kandidat-/masteruddannelse
179,1045,Peter,Scheining,M,1981-01-30T00:00:00,K,Privat ansat/selvstændig,Bachelor-/diplomuddannelse
180,629,Anders Ladegaard,Bork,M,1991-04-06T00:00:00,O,Offentligt ansat,Erhvervsuddannelse
181,18,Didde Krabbe,Johannesen,F,1985-04-04T00:00:00,Å,Offentligt ansat,Bachelor-/diplomuddannelse
182,827,Mette,Reissmann,F,1963-10-04T00:00:00,A,Privat ansat/selvstændig,Kandidat-/masteruddannelse
183,169,Githa,Nelander,F,1961-01-01T00:00:00,D,Byråds- eller regionsrådsmedlem,Erhvervsuddannelse
184,1126,Marianne,Lassen,F,1963-01-01T00:00:00,Å,Ikke oplyst,Ikke oplyst
185,4,Carsten,Sohl,M,1959-07-15T00:00:00,Å,Udenfor arbejdsmarkedet,Erhvervsuddannelse
186,559,Kenneth,Mikkelsen,M,1971-08-12T00:00:00,V,Folketingsmedlem,Gymnasial uddannelse
187,797,Lars Aslan,Rasmussen,M,1978-10-31T00:00:00,A,Folketingsmedlem,Gymnasial uddannelse
188,705,Susanne Stenstrop,Thorsen,F,1977-12-21T00:00:00,F,Privat ansat/selvstændig,Bachelor-/diplomuddannelse
189,508,Sven Aage,Schlosrich,M,1945-01-01T00:00:00,V,Ikke oplyst,Ikke oplyst
190,47,Helene Liliendahl,Brydensholt,F,1987-08-08T00:00:00,Å,Privat ansat/selvstændig,Kandidat-/masteruddannelse
191,176,Jan Køpke,Christensen,M,1955-01-01T00:00:00,D,Byråds- eller regionsrådsmedlem,Ikke oplyst
192,281,Maria,Temponeras,F,1971-05-17T00:00:00,Ø,Privat ansat/selvstændig,Kandidat-/masteruddannelse
193,1012,Gustav,Juul,M,1970-09-09T00:00:00,V,Privat ansat/selvstændig,Bachelor-/diplomuddannelse
194,840,Daniel,Pinderup,M,1986-07-15T00:00:00,D,Privat ansat/selvstændig,Erhvervsuddannelse
195,708,Thomas,Garfort,M,1969-02-02T00:00:00,F,Leder,Bachelor-/diplomuddannelse
196,941,Børge Rostgaard,Winkel,M,1964-12-03T00:00:00,K,Offentligt ansat,Bachelor-/diplomuddannelse
197,993,Michael,Rosenmark,M,1959-10-05T00:00:00,Æ,Leder,Bachelor-/diplomuddannelse
198,519,Anne Honoré,Østergaard,F,1981-01-24T00:00:00,V,Folketingsmedlem,Kandidat-/masteruddannelse
199,886,Jonas,Paludan,M,1980-12-03T00:00:00,Ø,Byråds- eller regionsrådsmedlem,Kandidat-/masteruddannelse
200,38,Jonathan,Ries,M,1987-01-01T00:00:00,Å,Privat ansat/selvstændig,Kandidat-/masteruddannelse
201,126,John,Hoppe,M,1975-12-20T00:00:00,C,Privat ansat/selvstændig,Erhvervsuddannelse
202,1014,Patrick Culmsee,Bryhl,M,1998-09-15T00:00:00,Æ,Studerende,Kandidat-/masteruddannelse
203,62,Peter,Stakemann,M,1969-07-24T00:00:00,C,Privat ansat/selvstændig,Kandidat-/masteruddannelse
204,352,HP,Beck,M,1978-10-01T00:00:00,I,Privat ansat/selvstændig,Erhvervsuddannelse
205,765,Daniel Toft,Jakobsen,M,1978-05-12T00:00:00,A,Folketingsmedlem,Kandidat-/masteruddannelse
206,816,Ida,Auken,F,1978-04-22T00:00:00,A,Folketingsmedlem,Kandidat-/masteruddannelse
207,911,Britta Glønborg,Kristensen,F,1955-11-20T00:00:00,K,Udenfor arbejdsmarkedet,Bachelor-/diplomuddannelse
208,820,Jarl,Feyling,M,1990-01-29T00:00:00,A,Offentligt ansat,Kandidat-/masteruddannelse
209,435,Thorkil,Olesen,M,1965-01-01T00:00:00,F,Privat ansat/selvstændig,Kandidat-/masteruddannelse
210,846,Anna,Berg,F,1989-01-01T00:00:00,Ø,Ikke oplyst,Ikke oplyst
211,375,Pia Olsen,Dyhr,F,1971-11-30T00:00:00,F,Folketingsmedlem,Kandidat-/masteruddannelse
212,226,Hikmet,Altun,M,1981-04-14T00:00:00,B,Privat ansat/selvstændig,Gymnasial uddannelse
213,1081,Astrid Reese,Fogh,F,1966-01-01T00:00:00,Å,Ikke oplyst,Ikke oplyst
214,225,Hediye,Temiz,F,1998-08-06T00:00:00,B,Studerende,Bachelor-/diplomuddannelse
215,887,Anders,Marchsteiner,M,1986-11-19T00:00:00,Ø,Privat ansat/selvstændig,Bachelor-/diplomuddannelse
216,888,Christian,Tastrup,M,1948-01-01T00:00:00,Ø,Ikke oplyst,Ikke oplyst
217,929,John,Haugegaard,M,1959-01-01T00:00:00,K,Privat ansat/selvstændig,Kandidat-/masteruddannelse
218,618,Rasmus,Lund-Nielsen,M,1988-10-21T00:00:00,M,Ikke oplyst,Kandidat-/masteruddannelse
219,5,Benjamin Strand,Andersen,M,1992-12-24T00:00:00,Å,Ikke oplyst,Ikke oplyst
220,757,Ane,Halsboe-Jørgensen,F,1983-05-04T00:00:00,A,Minister,Kandidat-/masteruddannelse
221,1004,Thomas Due,Nielsen,M,1973-01-01T00:00:00,Å,Ikke oplyst,Ikke oplyst
222,336,Simon Karim,Helledie,M,1997-05-07T00:00:00,I,Privat ansat/selvstændig,Kandidat-/masteruddannelse
223,1118,Kent,Nielsen,M,1987-01-01T00:00:00,,Ikke oplyst,Ikke oplyst
224,1101,Carsten,Olesen,M,1974-01-01T00:00:00,Å,Ikke oplyst,Ikke oplyst
225,428,Benjamin,Jørgensen,M,1996-05-07T00:00:00,F,Privat ansat/selvstændig,Kandidat-/masteruddannelse
226,328,Line,Brændgaard,F,1999-01-06T00:00:00,I,Studerende,Bachelor-/diplomuddannelse
227,257,Rasmus Helveg,Petersen,M,1968-06-17T00:00:00,B,Folketingsmedlem,Erhvervsuddannelse
228,67,Magnus Von,Dreiager,M,1998-05-31T00:00:00,C,Privat ansat/selvstændig,Ikke oplyst
229,224,Hanne,Roed,F,1968-12-27T00:00:00,B,Byråds- eller regionsrådsmedlem,Kandidat-/masteruddannelse
230,387,Stefan,Skrubbeltrang,M,1988-07-10T00:00:00,F,Offentligt ansat,Kandidat-/masteruddannelse
231,1034,Christian,Sødergren,M,1980-01-01T00:00:00,O,Ikke oplyst,Ikke oplyst
232,1007,Søren,Regenberg,M,1973-05-07T00:00:00,D,Privat ansat/selvstændig,Kandidat-/masteruddannelse
233,205,Anne Sophie,Callesen,F,1988-12-25T00:00:00,B,Folketingsmedlem,Kandidat-/masteruddannelse
234,924,Eva,Guldfred,F,1963-09-25T00:00:00,K,Privat ansat/selvstændig,Erhvervsuddannelse
235,151,Jesper Højmark,Esbensen,M,1967-08-15T00:00:00,C,Privat ansat/selvstændig,Kandidat-/masteruddannelse
236,747,Mette,Frederiksen,F,1978-01-01T00:00:00,A,Ikke oplyst,Ikke oplyst
237,122,Anne,Fiber,F,1981-10-15T00:00:00,C,Offentligt ansat,Bachelor-/diplomuddannelse
238,974,Karin,Liltorp,F,1972-05-06T00:00:00,M,Privat ansat/selvstændig,Ph.d.-uddannelse
239,1037,Pia,Thorsen,F,1971-04-26T00:00:00,Ø,Udenfor arbejdsmarkedet,Bachelor-/diplomuddannelse
240,646,Mette Sode,Hansen,F,1980-01-04T00:00:00,O,Offentligt ansat,Bachelor-/diplomuddannelse
241,819,Tina,Mortensen,F,1970-05-20T00:00:00,A,Byråds- eller regionsrådsmedlem,Ph.d.-uddannelse
242,823,Gunvor,Wibroe,F,1972-01-01T00:00:00,A,Byråds- eller regionsrådsmedlem,Kandidat-/masteruddannelse
243,237,Katrine,Robsøe,F,1991-06-21T00:00:00,B,Folketingsmedlem,Kandidat-/masteruddannelse
244,824,Peter,Hummelgaard,M,1983-01-17T00:00:00,A,Minister,Kandidat-/masteruddannelse
245,92,Rasmus,Jarlov,M,1977-04-29T00:00:00,C,Folketingsmedlem,Kandidat-/masteruddannelse
246,243,Lukas,Lunøe,M,1998-03-07T00:00:00,B,Studerende,Kandidat-/masteruddannelse
247,63,Casper,Øhlers,M,1999-01-03T00:00:00,C,Studerende,Bachelor-/diplomuddannelse
248,873,Christian Ivan,Jacobsen,M,2000-04-25T00:00:00,Ø,Studerende,Gymnasial uddannelse
249,56,Helle,Bonnesen,F,1963-02-10T00:00:00,C,Privat ansat/selvstændig,Kandidat-/masteruddannelse
250,445,Michael,Nedersøe,M,1978-10-22T00:00:00,O,Byråds- eller regionsrådsmedlem,10. klasse
251,536,Jacob,Panton,M,1982-04-08T00:00:00,V,Byråds- eller regionsrådsmedlem,Erhvervsuddannelse
252,671,Nishan,Ganesh,M,1987-01-01T00:00:00,Q,Ikke oplyst,Ikke oplyst
253,668,Esra,Ocak,F,1989-06-28T00:00:00,Q,Studerende,Bachelor-/diplomuddannelse
254,94,Mona,Juul,F,1967-09-20T00:00:00,C,Folketingsmedlem,Bachelor-/diplomuddannelse
255,470,Lars,Damgaard,M,1968-10-03T00:00:00,O,Offentligt ansat,Erhvervsuddannelse
256,643,Lone,Langballe,F,1970-09-30T00:00:00,O,Offentligt ansat,Bachelor-/diplomuddannelse
257,956,Henriette,Ergemann,F,1974-08-26T00:00:00,D,Privat ansat/selvstændig,Gymnasial uddannelse
258,89,Helle Laursen,Petersen,F,1964-04-24T00:00:00,C,Privat ansat/selvstændig,Bachelor-/diplomuddannelse
259,677,Andreas,Grosbøll,M,1975-01-01T00:00:00,F,Leder,Kandidat-/masteruddannelse
260,252,Niels,Grønlund,M,2001-11-03T00:00:00,B,Studerende,Kandidat-/masteruddannelse
261,1046,Stig,Grenov,M,1961-01-01T00:00:00,K,Ikke oplyst,Ikke oplyst
262,1064,Katrine Ida,Olsson,F,1989-01-01T00:00:00,Å,Ikke oplyst,Ikke oplyst
263,1117,Kenneth,Vestergaard,M,1963-01-01T00:00:00,,Ikke oplyst,Ikke oplyst
264,204,Anne Marie Geisler,Andersen,F,1981-04-15T00:00:00,B,Byråds- eller regionsrådsmedlem,Kandidat-/masteruddannelse
265,997,Lars Corvinius,Olesen,M,1991-03-03T00:00:00,Å,Privat ansat/selvstændig,Kandidat-/masteruddannelse
266,754,Kasper Sand,Kjær,M,1989-05-04T00:00:00,A,Folketingsmedlem,Bachelor-/diplomuddannelse
267,1019,Sabrina Raaschou,Brammer,F,2000-03-30T00:00:00,Q,Privat ansat/selvstændig,Gymnasial uddannelse
268,725,Søren,Espersen,M,1953-07-20T00:00:00,Æ,Folketingsmedlem,Kandidat-/masteruddannelse
269,604,Lean,Milo,M,1975-06-19T00:00:00,M,Privat ansat/selvstændig,Gymnasial uddannelse
270,944,Jørgen,Bjerregaard,M,1964-08-31T00:00:00,K,Leder,Erhvervsuddannelse
271,374,Melissa Skovgaard,Jensen,F,1989-07-31T00:00:00,F,Offentligt ansat,Kandidat-/masteruddannelse
272,78,Sebastian,Larvad,M,2001-05-07T00:00:00,C,Studerende,Bachelor-/diplomuddannelse
273,607,Mads Lund,Beier,M,2002-12-20T00:00:00,M,Studerende,Gymnasial uddannelse
274,1063,Jakob,Schmidt,M,1972-10-03T00:00:00,Å,Privat ansat/selvstændig,Erhvervsuddannelse
275,454,Peter,Kofod,M,1990-02-27T00:00:00,O,Europa-Parlamentariker,Seminaruddannelse
276,379,Niels,Haxthausen,M,1954-01-01T00:00:00,F,Privat ansat/selvstændig,Kandidat-/masteruddannelse
277,566,Ulrich,Fredberg,M,1955-07-22T00:00:00,V,Offentligt ansat,Kandidat-/masteruddannelse
278,701,Sigurd,Agersnap,M,1993-03-02T00:00:00,F,Privat ansat/selvstændig,Kandidat-/masteruddannelse
279,157,Ulrik,Lassen,M,1967-11-29T00:00:00,D,Leder,Erhvervsuddannelse
280,393,Astrid,Carøe,F,1994-07-12T00:00:00,F,Folketingsmedlem,Bachelor-/diplomuddannelse
281,198,Thomas Sciavitsky,Bentsen,M,1972-06-26T00:00:00,D,Privat ansat/selvstændig,Kandidat-/masteruddannelse
282,147,Rikke,Norlyk,F,1969-10-26T00:00:00,C,Offentligt ansat,Kandidat-/masteruddannelse
283,1111,Jayseth Lotus Arrose,Simonysano,M,1972-01-01T00:00:00,,Ikke oplyst,Ikke oplyst
284,917,Kristian Søndergaard,Larsen,M,1978-07-06T00:00:00,K,Offentligt ansat,Kandidat-/masteruddannelse
285,13,Joachim,Kjeldsen,M,1979-06-25T00:00:00,Å,Privat ansat/selvstændig,Bachelor-/diplomuddannelse
286,239,Klaus,Bondam,M,1963-11-19T00:00:00,B,Privat ansat/selvstændig,Bachelor-/diplomuddannelse
287,296,Nicolai,Sandager,M,1976-08-05T00:00:00,I,Privat ansat/selvstændig,Gymnasial uddannelse
288,731,Sebastian,Mylsted-Schenstrøm,M,1992-02-21T00:00:00,Æ,Privat ansat/selvstændig,Kandidat-/masteruddannelse
289,171,Melanie,Jørgensen,F,1996-10-14T00:00:00,D,Leder,Erhvervsuddannelse
290,982,Michael Valentin,Ilsø,M,1983-04-10T00:00:00,I,Privat ansat/selvstændig,Erhvervsuddannelse
291,734,Charlotte,Munch,F,1967-06-08T00:00:00,Æ,Byråds- eller regionsrådsmedlem,Erhvervsuddannelse
292,996,Jakob Buchwald,Busk,M,1969-11-18T00:00:00,D,Leder,Erhvervsuddannelse
293,282,Leila,Stockmarr,F,1982-04-01T00:00:00,Ø,Ikke oplyst,Ikke oplyst
294,698,Milo,Gaarde,M,2002-11-08T00:00:00,F,Offentligt ansat,Gymnasial uddannelse
295,36,Franciska,Rosenkilde,F,1976-03-19T00:00:00,Å,Partileder,Kandidat-/masteruddannelse
296,1070,Helene,Brix,F,1991-01-01T00:00:00,O,Ikke oplyst,Ikke oplyst
297,194,Kim Edberg,Andersen,M,1973-06-21T00:00:00,D,Privat ansat/selvstændig,Bachelor-/diplomuddannelse
298,861,Emil Ulrik,Andersen,M,1987-01-20T00:00:00,Ø,Privat ansat/selvstændig,Kandidat-/masteruddannelse
299,77,Diana-Ester Brandt,Eriksen,F,1997-10-25T00:00:00,C,Offentligt ansat,Bachelor-/diplomuddannelse
300,1095,Ulla,Sandbæk,F,1943-01-01T00:00:00,Å,Udenfor arbejdsmarkedet,Ph.d.-uddannelse
301,685,Jeanne Rygas,Bergmansen,F,1989-05-01T00:00:00,F,Offentligt ansat,Bachelor-/diplomuddannelse
302,1135,Thomas,Vesth,M,1964-01-01T00:00:00,I,Ikke oplyst,Ikke oplyst
303,907,Josephine,Alstrup,F,1999-02-11T00:00:00,O,Studerende,Bachelor-/diplomuddannelse
304,203,Andreas,Steenberg,M,1983-07-22T00:00:00,B,Folketingsmedlem,Kandidat-/masteruddannelse
305,1119,Ketil Wathne,Rasmussen,M,1975-01-01T00:00:00,D,Ikke oplyst,Ikke oplyst
306,413,Anna,Brændemose,F,1993-08-03T00:00:00,F,Offentligt ansat,Kandidat-/masteruddannelse
307,949,Henrik,Forsberg,M,1960-01-01T00:00:00,K,Ikke oplyst,Ikke oplyst
308,139,Rasmus,Dahlberg,M,1977-01-29T00:00:00,C,Offentligt ansat,Ph.d.-uddannelse
309,664,Lars,Oskan-Henriksen,M,1970-12-23T00:00:00,Q,Privat ansat/selvstændig,Kandidat-/masteruddannelse
310,426,Signe,Munk,F,1990-03-10T00:00:00,F,Folketingsmedlem,Bachelor-/diplomuddannelse
311,266,Susan,Kronborg,F,1968-07-05T00:00:00,B,Folketingsmedlem,Kandidat-/masteruddannelse
312,986,Aqeel,Akhtar,M,1991-09-19T00:00:00,Q,Privat ansat/selvstændig,Gymnasial uddannelse
313,514,Kim,Valentin,M,1963-03-19T00:00:00,V,Folketingsmedlem,Kandidat-/masteruddannelse
314,391,Anne Valentina,Berthelsen,F,1994-09-16T00:00:00,F,Folketingsmedlem,Bachelor-/diplomuddannelse
315,1047,Karen-Margrethe,Lysholm,F,1972-03-27T00:00:00,K,Offentligt ansat,Seminaruddannelse
316,848,Emil,Samaras,M,1998-03-14T00:00:00,Ø,Udenfor arbejdsmarkedet,Bachelor-/diplomuddannelse
317,987,Sazan,Garmiyani,F,1993-07-19T00:00:00,Q,Offentligt ansat,Bachelor-/diplomuddannelse
318,1123,Linda Frølund,Hansen,F,1975-01-01T00:00:00,Å,Ikke oplyst,Ikke oplyst
319,93,Britt,Bager,F,1976-08-16T00:00:00,C,Folketingsmedlem,Kandidat-/masteruddannelse
320,596,Jørgen,Kjøller,M,1957-06-13T00:00:00,M,Privat ansat/selvstændig,Bachelor-/diplomuddannelse
321,129,Gitte,Willumsen,F,1967-02-12T00:00:00,C,Folketingsmedlem,Seminaruddannelse
322,723,Ulrik,Knudsen,M,1978-10-12T00:00:00,Æ,Privat ansat/selvstændig,Kandidat-/masteruddannelse
323,581,Benjamin,Lindberg,M,1977-09-12T00:00:00,M,Privat ansat/selvstændig,Bachelor-/diplomuddannelse
324,502,Bo,Sandroos,M,1965-10-01T00:00:00,V,Privat ansat/selvstændig,Kandidat-/masteruddannelse
325,835,Dorthe Wildt,Nielsen,F,1966-05-20T00:00:00,I,Offentligt ansat,Kandidat-/masteruddannelse
326,473,Brian,Bruun,M,1972-10-06T00:00:00,O,Privat ansat/selvstændig,Erhvervsuddannelse
327,1109,Henrik Vendelbo,Petersen,M,1964-01-01T00:00:00,,Ikke oplyst,Ikke oplyst
328,260,Rune,Christiansen,M,1977-08-20T00:00:00,B,Offentligt ansat,Kandidat-/masteruddannelse
329,295,Nikolaj,Vester,M,1996-05-31T00:00:00,I,Privat ansat/selvstændig,Bachelor-/diplomuddannelse
330,35,Ulla,Munksgaard,F,1953-04-01T00:00:00,Å,Udenfor arbejdsmarkedet,Kandidat-/masteruddannelse
331,558,Ib,Bjerregaard,M,1960-07-14T00:00:00,V,Privat ansat/selvstændig,Kandidat-/masteruddannelse
332,196,Claus,Bruncke,M,1955-04-28T00:00:00,D,Udenfor arbejdsmarkedet,Gymnasial uddannelse
333,342,Ole Birk,Olesen,M,1972-12-21T00:00:00,I,Folketingsmedlem,Bachelor-/diplomuddannelse
334,787,Peter Kempf,Pedersen,M,1956-01-01T00:00:00,A,Ikke oplyst,Ikke oplyst
335,588,Ewan,O'Nell,M,1962-01-01T00:00:00,M,Ikke oplyst,Ikke oplyst
336,885,Bruno,Jerup,M,1957-09-29T00:00:00,Ø,Offentligt ansat,Kandidat-/masteruddannelse
337,235,Kashif,Ahmad,M,1980-06-01T00:00:00,B,Ikke oplyst,Ikke oplyst
338,630,Anders,Vistisen,M,1987-11-12T00:00:00,O,Privat ansat/selvstændig,Kandidat-/masteruddannelse
339,970,Mette,Kierkgaard,F,1972-03-05T00:00:00,M,Offentligt ansat,Ph.d.-uddannelse
340,220,Emilie,Normann,M,1969-10-10T00:00:00,B,Privat ansat/selvstændig,Kandidat-/masteruddannelse
341,864,Morten,Riis,M,1976-11-27T00:00:00,Ø,Byråds- eller regionsrådsmedlem,Erhvervsuddannelse
342,599,Kim,Rasmussen,M,1961-05-25T00:00:00,M,Leder,Bachelor-/diplomuddannelse
343,173,Jonas René,Jensen,M,1981-01-14T00:00:00,D,Byråds- eller regionsrådsmedlem,10. klasse
344,348,Per Nørgaard,Andersen,M,1964-01-01T00:00:00,I,Ikke oplyst,Ikke oplyst
345,409,Gunner,Poulsen,M,1965-01-19T00:00:00,F,Offentligt ansat,Seminaruddannelse
346,548,Hans Christian,Schmidt,M,1953-08-25T00:00:00,V,Ikke oplyst,Ikke oplyst
347,860,Annie,Hagel,F,1950-01-01T00:00:00,Ø,Ikke oplyst,Ikke oplyst
348,800,Thomas Skriver,Jensen,M,1996-03-27T00:00:00,A,Privat ansat/selvstændig,Erhvervsuddannelse
349,1015,Sadek,Al-Amood,M,1999-12-25T00:00:00,F,Byråds- eller regionsrådsmedlem,Bachelor-/diplomuddannelse
350,528,Marianne,Lynghøj,F,1988-03-31T00:00:00,V,Privat ansat/selvstændig,Kandidat-/masteruddannelse
351,533,Ditte,Rust,F,1984-08-23T00:00:00,V,Offentligt ansat,Kandidat-/masteruddannelse
352,729,Nikolaj,Vang,M,1977-11-07T00:00:00,Æ,Privat ansat/selvstændig,Seminaruddannelse
353,653,Susanne,Eilersen,F,1964-01-01T00:00:00,O,Ikke oplyst,Ikke oplyst
354,669,Marianne,Karlberg,F,1963-12-11T00:00:00,Q,Privat ansat/selvstændig,Kandidat-/masteruddannelse
355,636,Gert,Løfgren,M,1965-01-01T00:00:00,O,Ikke oplyst,Ikke oplyst
356,569,Heidi,Bank,F,1972-08-01T00:00:00,V,Folketingsmedlem,Erhvervsuddannelse
357,927,Søren Lydeking,Pedersen,M,1984-10-02T00:00:00,K,Offentligt ansat,Kandidat-/masteruddannelse
358,276,Victoria,Velásquez,F,1991-07-18T00:00:00,Ø,Folketingsmedlem,Kandidat-/masteruddannelse
359,311,Carsten,Bach,M,1975-12-09T00:00:00,I,Privat ansat/selvstændig,Kandidat-/masteruddannelse
360,141,Birgitte,Klippert,F,1985-09-16T00:00:00,C,Leder,Bachelor-/diplomuddannelse
361,660,Nour El,Zeftawy,F,1998-01-01T00:00:00,Q,Ikke oplyst,Ikke oplyst
362,793,Kasper,Roug,M,1979-06-06T00:00:00,A,Folketingsmedlem,Kandidat-/masteruddannelse
363,105,Søren,Vanting,M,1972-07-22T00:00:00,C,Privat ansat/selvstændig,Gymnasial uddannelse
364,1021,Sara Hvidbak,Grouleff,F,1989-03-30T00:00:00,Q,Studerende,Gymnasial uddannelse
365,241,Line Krogh,Lay,F,1972-02-24T00:00:00,B,Offentligt ansat,Bachelor-/diplomuddannelse
366,524,Preben Bang,Henriksen,M,1954-02-11T00:00:00,V,Folketingsmedlem,Kandidat-/masteruddannelse
367,661,Niko,Grünfeld,M,1975-03-13T00:00:00,Q,Privat ansat/selvstændig,Bachelor-/diplomuddannelse
368,1137,Viola Kirkegaard,Kräge,F,2002-01-01T00:00:00,Q,Ikke oplyst,Ikke oplyst
369,114,Jakob Axel,Nielsen,M,1967-04-12T00:00:00,C,Leder,Kandidat-/masteruddannelse
370,634,Dorthe,Ullemose,F,1964-01-01T00:00:00,O,Ikke oplyst,Ikke oplyst
371,97,Lotte Friis,Böing,F,1993-01-09T00:00:00,C,Privat ansat/selvstændig,Bachelor-/diplomuddannelse
372,411,Lars,Olesen,M,1978-03-01T00:00:00,F,Offentligt ansat,Bachelor-/diplomuddannelse
373,360,Steffen,Frølund,M,1984-07-15T00:00:00,I,Privat ansat/selvstændig,Kandidat-/masteruddannelse
374,538,Louise Schack,Elholm,F,1977-10-26T00:00:00,V,Folketingsmedlem,Kandidat-/masteruddannelse
375,253,Nils,Sjøberg,M,1960-08-04T00:00:00,B,Leder,Kandidat-/masteruddannelse
376,649,Pia,Adelsteen,F,1963-01-01T00:00:00,O,Ikke oplyst,Ikke oplyst
377,460,Cheanne,Nielsen,F,1984-09-12T00:00:00,O,Offentligt ansat,Kandidat-/masteruddannelse
378,686,Jens,Skov,M,1966-11-12T00:00:00,F,Privat ansat/selvstændig,Kandidat-/masteruddannelse
379,61,Laura,Lindahl,F,1983-07-06T00:00:00,C,Leder,Kandidat-/masteruddannelse
380,756,Mattias,Tesfaye,M,1981-03-31T00:00:00,A,Minister,Erhvervsuddannelse
381,676,Alexander Bruhn,Skjøth,M,1980-06-14T00:00:00,F,Udenfor arbejdsmarkedet,Gymnasial uddannelse
382,836,Danny,Malkowski,M,1984-09-26T00:00:00,I,Privat ansat/selvstændig,Kandidat-/masteruddannelse
383,822,Bjørn Bøje,Brandenborg,M,1991-12-10T00:00:00,A,Folketingsmedlem,Bachelor-/diplomuddannelse
384,916,Poul Harald,Holm,M,1974-06-21T00:00:00,K,Offentligt ansat,Bachelor-/diplomuddannelse
385,594,Johan,Kahl,M,1997-07-22T00:00:00,M,Studerende,Bachelor-/diplomuddannelse
386,3,Hans,Fonsbøl,M,1945-03-31T00:00:00,Å,Privat ansat/selvstændig,Kandidat-/masteruddannelse
387,221,Esat,Sentürk,M,1989-05-18T00:00:00,B,Offentligt ansat,Bachelor-/diplomuddannelse
388,603,Lars Philipsen,Prahm,M,1944-05-01T00:00:00,M,Leder,Ph.d.-uddannelse
389,807,Morten,Bødskov,M,1970-05-01T00:00:00,A,Minister,Bachelor-/diplomuddannelse
390,483,Morten,Messerschmidt,M,1980-11-13T00:00:00,O,Partileder,Kandidat-/masteruddannelse
391,217,Daniel Nyboe,Andersen,M,1977-08-14T00:00:00,B,Privat ansat/selvstændig,Bachelor-/diplomuddannelse
392,551,Niels Henning,Bladt,M,1988-03-17T00:00:00,V,Privat ansat/selvstændig,Kandidat-/masteruddannelse
393,633,Danny,Rosenkilde,M,1966-06-07T00:00:00,O,Privat ansat/selvstændig,Grundskole
394,613,Nanna W.,Gotfredsen,F,1969-03-11T00:00:00,M,Privat ansat/selvstændig,Kandidat-/masteruddannelse
395,236,Kathrine,Olldag,F,1972-12-20T00:00:00,B,Folketingsmedlem,Kandidat-/masteruddannelse
396,545,Chris Borup,Preuss,M,1992-08-22T00:00:00,V,Privat ansat/selvstændig,Bachelor-/diplomuddannelse
397,517,Ricki,Vejsmose,M,1975-06-20T00:00:00,V,Privat ansat/selvstændig,Ikke oplyst
398,29,Ole Dupont,Kofod,M,1971-09-02T00:00:00,Å,Privat ansat/selvstændig,Kandidat-/masteruddannelse
399,65,Tina Cartey,Hansen,F,1978-06-07T00:00:00,C,Privat ansat/selvstændig,Bachelor-/diplomuddannelse
400,1022,Ali,Khatib,M,1995-01-28T00:00:00,Q,Studerende,Kandidat-/masteruddannelse
401,174,Rebecha,Foged,F,1964-01-01T00:00:00,D,Ikke oplyst,Ikke oplyst
402,271,Pelle,Dragsted,M,1975-04-13T00:00:00,Ø,Ikke oplyst,Ikke oplyst
403,1115,Karen Predbjørn,Klarbæk,F,1967-01-01T00:00:00,,Ikke oplyst,Ikke oplyst
404,305,Helena Artmann,Andresen,F,2001-01-01T00:00:00,I,Ikke oplyst,Ikke oplyst
405,752,Camilla,Fabricius,F,1971-10-20T00:00:00,A,Folketingsmedlem,Seminaruddannelse
406,908,Birgit,Jakobsen,F,1964-10-09T00:00:00,K,Offentligt ansat,Bachelor-/diplomuddannelse
407,496,Lars Chr.,Lilleholt,M,1965-03-02T00:00:00,V,Folketingsmedlem,Bachelor-/diplomuddannelse
408,565,Thomas,Danielsen,M,1983-06-24T00:00:00,V,Folketingsmedlem,Erhvervsuddannelse
409,152,Karsten Skov,Petersen,M,1956-04-05T00:00:00,C,Offentligt ansat,Erhvervsuddannelse
410,587,Erick,Thürmer,M,1977-09-29T00:00:00,M,Privat ansat/selvstændig,Gymnasial uddannelse
411,767,Louise,Mehnke,F,1976-10-01T00:00:00,A,Privat ansat/selvstændig,Bachelor-/diplomuddannelse
412,98,Henrik,Sørensen,M,1966-02-23T00:00:00,C,Offentligt ansat,Kandidat-/masteruddannelse
413,351,Sólbjørg,Jakobsen,F,1991-01-01T00:00:00,I,Ikke oplyst,Ikke oplyst
414,839,Martin,Bech,M,1990-07-27T00:00:00,I,Privat ansat/selvstændig,Bachelor-/diplomuddannelse
415,490,Peter,Juel-Jensen,M,1966-05-18T00:00:00,V,Folketingsmedlem,Bachelor-/diplomuddannelse
416,109,Mette,Jensen,F,1968-01-25T00:00:00,C,Privat ansat/selvstændig,Erhvervsuddannelse
417,1028,Per,Olsen,M,1975-01-23T00:00:00,D,Privat ansat/selvstændig,Erhvervsuddannelse
418,602,Lars Løkke,Rasmussen,M,1964-01-01T00:00:00,M,Ikke oplyst,Ikke oplyst
419,931,Ester,Esmarch,F,1974-12-31T00:00:00,K,Offentligt ansat,Bachelor-/diplomuddannelse
420,48,Nicklas,Hakmann,M,1997-03-16T00:00:00,Å,Ordfører for et parti,Seminaruddannelse
421,1089,René,Bredal,M,1961-06-03T00:00:00,V,Offentligt ansat,Bachelor-/diplomuddannelse
422,110,Mia,Tang,F,1972-03-14T00:00:00,C,Privat ansat/selvstændig,Kandidat-/masteruddannelse
423,901,Mathias,Christiansen,M,1980-01-01T00:00:00,Ø,Privat ansat/selvstændig,Bachelor-/diplomuddannelse
424,1069,Erling,Præstekjær,M,1967-12-08T00:00:00,O,Privat ansat/selvstændig,Grundskole
425,462,René,Christensen,M,1970-10-31T00:00:00,O,Folketingsmedlem,Erhvervsuddannelse
426,79,Claus,Dyremose,M,1970-04-26T00:00:00,C,Byråds- eller regionsrådsmedlem,Bachelor-/diplomuddannelse
427,648,Nana,Harring,F,1998-05-30T00:00:00,O,Offentligt ansat,Bachelor-/diplomuddannelse
428,1079,Kim,Hjerrild,M,1960-09-04T00:00:00,Å,Privat ansat/selvstændig,Kandidat-/masteruddannelse
429,1027,Tom,Gillesberg,M,1964-06-30T00:00:00,,Privat ansat/selvstændig,Gymnasial uddannelse
430,125,Emil Holbech,Hansen,M,2002-03-15T00:00:00,C,Privat ansat/selvstændig,Gymnasial uddannelse
431,722,Lone,Glarbo,F,1965-08-15T00:00:00,Æ,Privat ansat/selvstændig,Bachelor-/diplomuddannelse
432,1091,Anette Jensen,Smith,F,1972-04-11T00:00:00,Å,Privat ansat/selvstændig,Bachelor-/diplomuddannelse
433,890,Otto,Mortensen,M,2002-10-04T00:00:00,Ø,Studerende,Gymnasial uddannelse
434,429,Henning,Jørgensen,M,1954-01-01T00:00:00,F,Ikke oplyst,Ikke oplyst
435,491,Araz,Khan,M,1981-10-28T00:00:00,V,Ordfører for et parti,Bachelor-/diplomuddannelse
436,115,Lene,Burchardt,F,1967-07-13T00:00:00,C,Privat ansat/selvstændig,Kandidat-/masteruddannelse
437,625,Henrik,Frandsen,M,1961-02-08T00:00:00,M,Privat ansat/selvstændig,Erhvervsuddannelse
438,150,Steffen Peter,Hansen,M,1986-07-27T00:00:00,C,Privat ansat/selvstændig,Erhvervsuddannelse
439,658,Rashid,Ali,M,1984-08-04T00:00:00,Q,Privat ansat/selvstændig,Bachelor-/diplomuddannelse
440,1006,Claus,Bedemann,M,1960-12-01T00:00:00,D,Byråds- eller regionsrådsmedlem,Erhvervsuddannelse
441,323,Louise,Brown,F,1980-10-15T00:00:00,I,Leder,Bachelor-/diplomuddannelse
442,573,Michael Aastrup,Jensen,M,1976-03-16T00:00:00,V,Folketingsmedlem,Bachelor-/diplomuddannelse
443,772,Jeppe,Bruus,M,1978-04-20T00:00:00,A,Minister,Kandidat-/masteruddannelse
444,338,Søren,Schmidt-Andersen,M,2001-02-15T00:00:00,I,Studerende,Bachelor-/diplomuddannelse
445,350,Christian Riegels,Hjorth,M,1981-05-06T00:00:00,I,Leder,Kandidat-/masteruddannelse
446,655,Elise,Bjerkrheim,F,1974-06-18T00:00:00,Q,Privat ansat/selvstændig,Kandidat-/masteruddannelse
447,748,Morten,Ryom,M,1992-01-02T00:00:00,A,Privat ansat/selvstændig,Erhvervsuddannelse
448,256,Pia Britt,Elberg,F,1968-04-11T00:00:00,B,Privat ansat/selvstændig,Kandidat-/masteruddannelse
449,1128,Nicholas Nyrop,Vinthen,M,2001-01-01T00:00:00,Q,Ikke oplyst,Ikke oplyst
450,39,Troels Christian,Jakobsen,M,1969-10-15T00:00:00,Å,Ordfører for et parti,Erhvervsuddannelse
451,218,Dorthe,Kerschus,F,1979-08-30T00:00:00,B,Leder,Ikke oplyst
452,314,Frederik Gottenborg,Jacobsen,M,1999-08-25T00:00:00,I,Studerende,Erhvervsuddannelse
453,242,Lotte,Rod,F,1985-06-10T00:00:00,B,Folketingsmedlem,Kandidat-/masteruddannelse
454,359,Ronny Van,Tieu,M,1973-03-23T00:00:00,I,Offentligt ansat,Bachelor-/diplomuddannelse
455,1000,Berit Naomi,Skjernaa,F,1974-09-29T00:00:00,Å,Privat ansat/selvstændig,Ph.d.-uddannelse
456,939,Bolette Von,Westphal,F,1975-04-13T00:00:00,K,Ikke oplyst,Ikke oplyst
457,869,Magnus Fage,Gislason,M,2003-12-05T00:00:00,Ø,Studerende,Grundskole
458,560,Kristian Pihl,Lorentzen,M,1961-01-01T00:00:00,V,Folketingsmedlem,Gymnasial uddannelse
459,523,Phillip,Sperling,M,1997-03-15T00:00:00,V,Offentligt ansat,Kandidat-/masteruddannelse
460,42,Annika,Martins,F,1973-01-01T00:00:00,Å,Udenfor arbejdsmarkedet,Bachelor-/diplomuddannelse
461,14,Jens,Harder,M,1980-09-18T00:00:00,Å,Privat ansat/selvstændig,Erhvervsuddannelse
462,118,Tobias,Bennedsen,M,1986-04-14T00:00:00,C,Offentligt ansat,Bachelor-/diplomuddannelse
463,81,Camillo,Krog,M,1977-09-28T00:00:00,C,Privat ansat/selvstændig,Erhvervsuddannelse
464,137,Trine Trærup,Roungkvist,F,1992-11-12T00:00:00,C,Privat ansat/selvstændig,Kandidat-/masteruddannelse
465,1065,Sascha,Faxe,F,1971-08-04T00:00:00,Å,Privat ansat/selvstændig,Kandidat-/masteruddannelse
466,216,Clara,Halvorsen,F,1991-12-27T00:00:00,B,Privat ansat/selvstændig,Kandidat-/masteruddannelse
467,1029,Klaus,Mygind,M,1955-07-30T00:00:00,F,Byråds- eller regionsrådsmedlem,Seminaruddannelse
468,215,Christina,Thorholm,F,1964-08-11T00:00:00,B,Folketingsmedlem,Bachelor-/diplomuddannelse
469,1075,Per Michael,Hauritz,M,1961-01-01T00:00:00,O,Ikke oplyst,Ikke oplyst
470,892,Vibeke Syppli,Enrum,F,1948-02-28T00:00:00,Ø,Offentligt ansat,Kandidat-/masteruddannelse
471,805,Per,Stefansen,M,1967-01-01T00:00:00,A,Ikke oplyst,Ikke oplyst
472,43,Mette,Bram,F,1964-09-26T00:00:00,Å,Ordfører for et parti,Kandidat-/masteruddannelse
473,828,Niels Ole,Beck,M,1957-03-14T00:00:00,A,Offentligt ansat,Seminaruddannelse
474,6,Ditte Madvig,Evald,F,1979-12-08T00:00:00,Å,Leder,Kandidat-/masteruddannelse
475,726,Bent Juul,Sørensen,M,1958-11-26T00:00:00,Æ,Privat ansat/selvstændig,Erhvervsuddannelse
476,364,Marianne,Porsborg,F,1969-08-02T00:00:00,I,Privat ansat/selvstændig,Kandidat-/masteruddannelse
477,529,Sophie,Løhde,F,1983-09-11T00:00:00,V,Folketingsmedlem,Bachelor-/diplomuddannelse
478,511,Casper,Pedersen,M,1994-07-08T00:00:00,V,Privat ansat/selvstændig,Kandidat-/masteruddannelse
479,300,Flemming,Sørensen,M,1955-01-01T00:00:00,I,Offentligt ansat,Ikke oplyst
480,751,Nicolai,Wammen,M,1971-02-07T00:00:00,A,Folketingsmedlem,Kandidat-/masteruddannelse
481,50,Nanna,Høyrup,F,1979-04-26T00:00:00,Å,Privat ansat/selvstændig,Bachelor-/diplomuddannelse
482,117,Emma Juul,Hansen,F,2000-01-11T00:00:00,C,Studerende,Bachelor-/diplomuddannelse
483,942,Mirjam Fibiger,Olesen,F,1979-05-06T00:00:00,K,Leder,Bachelor-/diplomuddannelse
484,287,Lisbeth,Torfing,F,1987-07-12T00:00:00,Ø,Byråds- eller regionsrådsmedlem,Ph.d.-uddannelse
485,290,Ludmila Plenge,Schütt,F,2002-08-27T00:00:00,Ø,Privat ansat/selvstændig,Gymnasial uddannelse
486,972,H.C.,Wulff,M,1961-02-20T00:00:00,M,Privat ansat/selvstændig,Bachelor-/diplomuddannelse
487,259,Ruben,Kidde,M,1986-08-28T00:00:00,B,Byråds- eller regionsrådsmedlem,Kandidat-/masteruddannelse
488,716,Betina,Kastbjerg,F,1971-11-25T00:00:00,Æ,Privat ansat/selvstændig,Gymnasial uddannelse
489,959,Vivian Lindberg,Larsen,F,1966-04-20T00:00:00,Æ,Privat ansat/selvstændig,Erhvervsuddannelse
490,1087,Niels,Ebbesen,M,1947-01-01T00:00:00,B,Ikke oplyst,Ikke oplyst
491,802,Pernille,Rosenkrantz-Theil,F,1977-01-17T00:00:00,A,Minister,Bachelor-/diplomuddannelse
492,192,John,Bjerg,M,1964-09-24T00:00:00,D,Privat ansat/selvstændig,Erhvervsuddannelse
493,830,Birgitte,Vind,F,1965-08-13T00:00:00,A,Folketingsmedlem,Seminaruddannelse
494,23,Lars,Holstein,M,1963-09-23T00:00:00,Å,Privat ansat/selvstændig,Gymnasial uddannelse
495,920,Karlo,Brondbjerg,M,1961-04-07T00:00:00,K,Ordfører for et parti,Bachelor-/diplomuddannelse
496,775,Jesper,Petersen,M,1981-08-25T00:00:00,A,Minister,Bachelor-/diplomuddannelse
497,1042,Torben,Bundgaard,M,1948-01-01T00:00:00,K,Ikke oplyst,Ikke oplyst
498,971,Kenneth Bjerg,Andersen,M,1986-01-10T00:00:00,M,Offentligt ansat,Bachelor-/diplomuddannelse
499,1121,Lars,Dohn,M,1950-01-01T00:00:00,Ø,Ikke oplyst,Ikke oplyst
500,161,Ulla,Kokfelt,F,1973-01-01T00:00:00,D,Byråds- eller regionsrådsmedlem,Ph.d.-uddannelse
501,696,Marianne,Bigum,F,1983-04-10T00:00:00,F,Offentligt ansat,Ph.d.-uddannelse
502,1093,Mette,Rahbek,F,1976-01-01T00:00:00,Å,Ikke oplyst,Ikke oplyst
503,424,Meritta,Bjerregaard,F,1975-10-28T00:00:00,F,Privat ansat/selvstændig,Bachelor-/diplomuddannelse
504,983,Clara,Malmqvist,F,1995-11-20T00:00:00,I,Ikke oplyst,Ikke oplyst
505,727,Jens Henrik W. Thulesen,Dahl,M,1961-07-20T00:00:00,Æ,Folketingsmedlem,Kandidat-/masteruddannelse
506,882,Stine Ry,Andersen,F,2000-01-17T00:00:00,Ø,Studerende,Gymnasial uddannelse
507,893,Torsten,Ringgaard,M,1976-06-04T00:00:00,Ø,Privat ansat/selvstændig,Gymnasial uddannelse
508,897,Sarah,Nørris,F,1979-01-18T00:00:00,Ø,Ikke oplyst,Ikke oplyst
509,637,Jannie,Bøgh,F,1979-12-10T00:00:00,O,Ikke oplyst,Bachelor-/diplomuddannelse
510,227,Jacob,Netteberg,M,1970-11-09T00:00:00,B,Privat ansat/selvstændig,Bachelor-/diplomuddannelse
511,386,Peter,Westermann,M,1985-06-01T00:00:00,F,Byråds- eller regionsrådsmedlem,Kandidat-/masteruddannelse
512,308,Carsten,Andersen,M,1978-08-10T00:00:00,I,Privat ansat/selvstændig,Bachelor-/diplomuddannelse
513,28,Henrik,Boye,M,1956-08-08T00:00:00,Å,Udenfor arbejdsmarkedet,Kandidat-/masteruddannelse
514,903,Helene Hellesøe,Appel,F,1986-11-10T00:00:00,Ø,Offentligt ansat,Kandidat-/masteruddannelse
515,1084,Mikael,Winther,M,1975-01-01T00:00:00,Å,Ikke oplyst,Ikke oplyst
516,132,Lise,Bertelsen,F,1975-09-08T00:00:00,C,Byråds- eller regionsrådsmedlem,Kandidat-/masteruddannelse
517,779,Mogens,Jensen,M,1963-10-31T00:00:00,A,Folketingsmedlem,Gymnasial uddannelse
518,554,Tilde Holch,Duedahl,F,1980-02-20T00:00:00,V,Offentligt ansat,Erhvervsuddannelse
519,913,Per,Kristensen,M,1957-01-01T00:00:00,K,Ikke oplyst,Ikke oplyst
520,250,Michael,Rachlin,M,1970-01-15T00:00:00,B,Privat ansat/selvstændig,Bachelor-/diplomuddannelse
521,325,Lisa,Perkins,F,1991-04-19T00:00:00,I,Udenfor arbejdsmarkedet,Gymnasial uddannelse
522,1105,Frederik,Madsen,M,1943-01-01T00:00:00,Ø,Ikke oplyst,Ikke oplyst
523,258,Rebecca,Johansson,F,2001-01-10T00:00:00,B,Studerende,Bachelor-/diplomuddannelse
524,355,Michel,Thrysøe,M,1976-12-14T00:00:00,I,Privat ansat/selvstændig,Kandidat-/masteruddannelse
525,657,Daniel,Tomicic,M,1996-01-01T00:00:00,Q,Studerende,Kandidat-/masteruddannelse
526,112,Mikkel,Højsleth,M,1984-07-08T00:00:00,C,Privat ansat/selvstændig,Gymnasial uddannelse
527,211,Charlotte,Burgess,F,1976-01-01T00:00:00,B,Ikke oplyst,Ikke oplyst
528,168,Tonny,Pedersen,M,1973-08-23T00:00:00,D,Offentligt ansat,Bachelor-/diplomuddannelse
529,825,Simon,Kollerup,M,1986-05-20T00:00:00,A,Minister,Kandidat-/masteruddannelse
530,416,Kirsten Normann,Andersen,F,1962-04-28T00:00:00,F,Folketingsmedlem,Erhvervsuddannelse
531,590,Henrik Rejnholt,Andersen,M,1977-10-01T00:00:00,M,Privat ansat/selvstændig,Erhvervsuddannelse
532,209,Brian,Køster,M,1977-10-05T00:00:00,B,Privat ansat/selvstændig,Ph.d.-uddannelse
533,292,Louis,Jacobsen,M,1985-04-13T00:00:00,Ø,Privat ansat/selvstændig,Erhvervsuddannelse
534,1127,Millah,Kongsbach,F,1987-01-01T00:00:00,,Ikke oplyst,Ikke oplyst
535,842,Karsten,Byrgesen,M,1955-09-07T00:00:00,D,Leder,Bachelor-/diplomuddannelse
536,275,Rosa,Lund,F,1986-12-04T00:00:00,Ø,Folketingsmedlem,Kandidat-/masteruddannelse
537,688,Jonas Hulgaard,Ammundsen,M,1996-04-14T00:00:00,F,Ikke oplyst,Ikke oplyst
538,928,Johnnie Vang,Gregersen,M,1963-03-19T00:00:00,K,Privat ansat/selvstændig,Seminaruddannelse
539,111,Lene Brix Kjelgaard,Jensen,F,1958-05-13T00:00:00,C,Offentligt ansat,Bachelor-/diplomuddannelse
540,938,Jacob,Bang,M,1963-05-17T00:00:00,K,Privat ansat/selvstændig,Erhvervsuddannelse
541,414,Charlotte,Vindeløv,F,1970-09-22T00:00:00,F,Offentligt ansat,Bachelor-/diplomuddannelse
542,950,Henrik,Hjortshøj,M,1990-09-22T00:00:00,K,Privat ansat/selvstændig,Kandidat-/masteruddannelse
543,44,Christina,Olumeko,F,1996-11-26T00:00:00,Å,Studerende,Kandidat-/masteruddannelse
544,208,Bjarne,Lastein,M,1966-02-24T00:00:00,B,Privat ansat/selvstændig,Kandidat-/masteruddannelse
545,329,Steffen,Jespersen,M,1997-03-24T00:00:00,I,Privat ansat/selvstændig,Erhvervsuddannelse
546,992,Jarl,Matthiesen,M,1950-01-01T00:00:00,V,Ikke oplyst,Ikke oplyst
547,200,Nicolaj Holm,Pedersen,M,2000-08-11T00:00:00,D,Privat ansat/selvstændig,Erhvervsuddannelse
548,76,Henriette,Søvind,F,1971-07-10T00:00:00,C,Privat ansat/selvstændig,Erhvervsuddannelse
549,1130,Rikke,Pedersen,F,1973-01-01T00:00:00,M,Ikke oplyst,Ikke oplyst
550,1077,Sabine,Lyngberg,F,1997-01-01T00:00:00,O,Ikke oplyst,Ikke oplyst
551,373,Lisbeth,Bech-Nielsen,F,1983-01-01T00:00:00,F,Folketingsmedlem,Kandidat-/masteruddannelse
552,1113,Jette,Møller,F,1966-01-01T00:00:00,,Ikke oplyst,Ikke oplyst
553,868,Karen,Budtz-Jørgensen,F,2003-04-19T00:00:00,Ø,Studerende,10. klasse
554,274,Søren,Søndergaard,M,1955-08-16T00:00:00,Ø,Folketingsmedlem,Erhvervsuddannelse
555,497,Marlene,Ambo-Rasmussen,F,1986-03-14T00:00:00,V,Folketingsmedlem,Kandidat-/masteruddannelse
556,64,Michael R.,Rugaard,M,1965-02-16T00:00:00,C,Privat ansat/selvstændig,Kandidat-/masteruddannelse
557,780,Fie Thorsted,Hækkerup,F,1994-07-25T00:00:00,A,Privat ansat/selvstændig,Kandidat-/masteruddannelse
558,639,Lars,Kolling,M,1974-01-01T00:00:00,O,Ikke oplyst,Ikke oplyst
559,794,Per,Husted,M,1966-04-06T00:00:00,A,Privat ansat/selvstændig,Kandidat-/masteruddannelse
560,815,Frederik,Vad,M,1994-09-01T00:00:00,A,Ikke oplyst,Ikke oplyst
561,937,Steffen,Markussen,M,1980-09-22T00:00:00,K,Privat ansat/selvstændig,Bachelor-/diplomuddannelse
562,694,Laurits,Kaae,M,1960-01-01T00:00:00,F,Ikke oplyst,Ikke oplyst
563,876,Sabrina Christiansen,Broch,F,1989-02-14T00:00:00,Ø,Offentligt ansat,Kandidat-/masteruddannelse
564,1086,Gerd,Lyng,F,1944-01-01T00:00:00,B,Ikke oplyst,Ikke oplyst
565,309,Kim Alexander,Jensen,M,1987-01-14T00:00:00,I,Privat ansat/selvstændig,Kandidat-/masteruddannelse
566,1100,Bitten Vivi,Jensen,F,1953-01-01T00:00:00,Å,Ikke oplyst,Ikke oplyst
567,810,Miki Dam,Larsen,M,1987-11-12T00:00:00,A,Byråds- eller regionsrådsmedlem,Kandidat-/masteruddannelse
568,620,Rosa,Eriksen,F,1990-02-26T00:00:00,M,Offentligt ansat,Bachelor-/diplomuddannelse
569,327,Ditte Elisabeth Kryger,Wedege,F,1997-01-01T00:00:00,I,Ikke oplyst,Ikke oplyst
570,1114,Jovan,Tasevski,M,1979-01-01T00:00:00,,Ikke oplyst,Ikke oplyst
571,162,Denise,Rostgaard,F,1985-12-26T00:00:00,D,Offentligt ansat,Bachelor-/diplomuddannelse
572,598,Kim Mejnert,Frydensbjerg,M,1980-08-18T00:00:00,M,Leder,Bachelor-/diplomuddannelse
573,684,Gitte Terp,Henriksen,F,1963-07-30T00:00:00,F,Offentligt ansat,Kandidat-/masteruddannelse
574,934,Jonas Røjkjær,Laustsen,M,2000-12-25T00:00:00,K,Studerende,Gymnasial uddannelse
575,131,Mogens,Birkelund,M,1968-08-11T00:00:00,C,Privat ansat/selvstændig,Kandidat-/masteruddannelse
576,53,Thomas Holbech,Anker,M,1975-04-11T00:00:00,Å,Offentligt ansat,Kandidat-/masteruddannelse
577,177,Hans-Christian,Gjerlevsen,M,1987-03-28T00:00:00,D,Privat ansat/selvstændig,Erhvervsuddannelse
578,361,Kim,Bjørnstrup,M,1958-01-01T00:00:00,I,Privat ansat/selvstændig,Kandidat-/masteruddannelse
579,1041,Maria Av,Skardi,F,1977-11-24T00:00:00,K,Offentligt ansat,Bachelor-/diplomuddannelse
580,293,Lars-Christian,Brask,M,1963-05-25T00:00:00,I,Leder,Erhvervsuddannelse
581,149,Christian,Lorenzen,M,1978-01-01T00:00:00,C,Privat ansat/selvstændig,Seminaruddannelse
582,557,Carsten,Kissmeyer,M,1953-05-22T00:00:00,V,Folketingsmedlem,Kandidat-/masteruddannelse
583,760,Matilde,Powers,F,1982-04-08T00:00:00,A,Ikke oplyst,Ikke oplyst
584,936,Finn,Andersen,M,1953-01-13T00:00:00,K,Offentligt ansat,Kandidat-/masteruddannelse
585,609,Michael,Hertz,M,1989-11-08T00:00:00,M,Privat ansat/selvstændig,10. klasse
586,179,Bo Kleis,Christensen,M,1976-10-04T00:00:00,D,Byråds- eller regionsrådsmedlem,Erhvervsuddannelse
587,185,Jes,Halfdan,M,1964-01-01T00:00:00,D,Privat ansat/selvstændig,Kandidat-/masteruddannelse
588,148,Dorthe,Schmittroth,F,1981-06-08T00:00:00,C,Offentligt ansat,Kandidat-/masteruddannelse
589,847,Clara,Turms,F,1996-04-11T00:00:00,Ø,Studerende,Bachelor-/diplomuddannelse
590,99,Kristian,Damsgaard,M,1969-04-01T00:00:00,C,Privat ansat/selvstændig,Bachelor-/diplomuddannelse
591,1033,Birgitte,Milling,F,1968-01-01T00:00:00,O,Ikke oplyst,Ikke oplyst
592,946,Esben Frette,Johnsen,M,1999-07-19T00:00:00,K,Studerende,Bachelor-/diplomuddannelse
593,264,Steffen Holme,Helledie,M,1989-10-12T00:00:00,B,Offentligt ansat,Kandidat-/masteruddannelse
594,121,Joachim,Hoffmann-Petersen,M,1979-09-17T00:00:00,C,Offentligt ansat,Kandidat-/masteruddannelse
595,116,Alexander,Klitgaard,M,2001-09-22T00:00:00,C,Studerende,Ikke oplyst
596,709,Wanda,Madsen,F,1975-01-01T00:00:00,F,Ikke oplyst,Ikke oplyst
597,1098,Agnethe Benedikt,Mørch,F,1986-01-01T00:00:00,I,Ikke oplyst,Ikke oplyst
598,68,Birgitte,Bergman,F,1967-01-01T00:00:00,C,Ikke oplyst,Ikke oplyst
599,189,Karina,Kirk,F,1976-01-03T00:00:00,D,Byråds- eller regionsrådsmedlem,Erhvervsuddannelse
600,1120,Lars Christian,Funk,M,1962-01-01T00:00:00,M,Ikke oplyst,Ikke oplyst
601,180,Thomas,Vedsted,M,1971-10-03T00:00:00,D,Byråds- eller regionsrådsmedlem,Gymnasial uddannelse
602,862,Christoffer Emil,Jexen,M,1987-05-18T00:00:00,Ø,Privat ansat/selvstændig,Erhvervsuddannelse
603,674,Lars Sternkopf,Lillebæk,M,1980-01-04T00:00:00,D,Offentligt ansat,Kandidat-/masteruddannelse
604,912,Bjarne Hartung,Kirkegaard,M,1954-03-27T00:00:00,K,Byråds- eller regionsrådsmedlem,Bachelor-/diplomuddannelse
605,1020,Iben Kirstine,Parmann,F,1995-12-04T00:00:00,Q,Studerende,Kandidat-/masteruddannelse
606,741,Therese,Skaarup,F,1975-12-08T00:00:00,Æ,Studerende,Bachelor-/diplomuddannelse
607,975,Tenna,Røberg,F,2001-08-24T00:00:00,D,Studerende,Kandidat-/masteruddannelse
608,191,Lars Axel,Nielsen,M,1971-05-18T00:00:00,D,Privat ansat/selvstændig,Erhvervsuddannelse
609,579,Ammar,Ali,M,1985-04-22T00:00:00,M,Privat ansat/selvstændig,Kandidat-/masteruddannelse
610,57,Rico,Djernis,M,1969-09-18T00:00:00,C,Privat ansat/selvstændig,Erhvervsuddannelse
611,1040,Anders Friis,Knudsen,M,1960-06-29T00:00:00,K,Offentligt ansat,Kandidat-/masteruddannelse
612,525,Torsten Schack,Pedersen,M,1976-06-26T00:00:00,V,Ikke oplyst,Ikke oplyst
613,1134,Theresa,Scavenius,F,1984-01-01T00:00:00,Å,Ikke oplyst,Ikke oplyst
614,879,Peter Sig,Kristensen,M,1973-03-10T00:00:00,Ø,Privat ansat/selvstændig,Kandidat-/masteruddannelse
615,768,Jens Jonatan,Steen,M,1981-09-24T00:00:00,A,Privat ansat/selvstændig,Kandidat-/masteruddannelse
616,776,Thyge,Risvig,M,1945-01-01T00:00:00,A,Ikke oplyst,Ikke oplyst
617,940,Per Poulsen,Asp,M,1953-01-01T00:00:00,K,Ikke oplyst,Ikke oplyst
618,353,Bo,Ritterbusch,M,1969-02-24T00:00:00,I,Privat ansat/selvstændig,Erhvervsuddannelse
619,555,Tobias,Jørgensen,M,1984-08-08T00:00:00,V,Privat ansat/selvstændig,Gymnasial uddannelse
620,395,Claus,Jørgensen,M,1969-06-02T00:00:00,F,Leder,Kandidat-/masteruddannelse
621,877,Per Møller,Jacobsen,M,1968-07-23T00:00:00,Ø,Privat ansat/selvstændig,Bachelor-/diplomuddannelse
622,1073,Lars,Prier,M,1965-01-01T00:00:00,O,Byråds- eller regionsrådsmedlem,Seminaruddannelse
623,234,Julius Bjørn,Honoré,M,2001-09-25T00:00:00,B,Studerende,Gymnasial uddannelse
624,1048,Caroline Meyer,White,F,1980-01-01T00:00:00,F,Ikke oplyst,Ikke oplyst
625,212,Christian Friis,Bach,M,1966-04-29T00:00:00,B,Privat ansat/selvstændig,Ph.d.-uddannelse
626,1124,Lisa Sofia,Larsson,F,1969-01-01T00:00:00,,Ikke oplyst,Ikke oplyst
627,22,Dorte,Fløjgaard,F,1973-01-01T00:00:00,Å,Ikke oplyst,Ikke oplyst
628,34,Jan Allan,Andersen,M,1961-10-10T00:00:00,Å,Offentligt ansat,Bachelor-/diplomuddannelse
629,280,Jette,Gottlieb,F,1948-09-23T00:00:00,Ø,Folketingsmedlem,Erhvervsuddannelse
630,770,Rasmus,Stoklund,M,1984-03-17T00:00:00,A,Folketingsmedlem,Kandidat-/masteruddannelse
631,412,Nanna,Bonde,F,1993-05-18T00:00:00,F,Privat ansat/selvstændig,Kandidat-/masteruddannelse
632,494,Erling,Bonnesen,M,1955-03-28T00:00:00,V,Folketingsmedlem,Kandidat-/masteruddannelse
633,1035,Michael,Monberg,M,1978-05-17T00:00:00,Å,Ordfører for et parti,Grundskole
634,405,Lise,Müller,F,1974-01-21T00:00:00,F,Offentligt ansat,Bachelor-/diplomuddannelse
635,1003,Sarah Roued,Thomsen,F,1981-01-01T00:00:00,Å,Privat ansat/selvstændig,Seminaruddannelse
636,784,Annette,Lind,F,1969-06-02T00:00:00,A,Folketingsmedlem,Bachelor-/diplomuddannelse
637,304,Carl,Andersen,M,1995-01-27T00:00:00,I,Privat ansat/selvstændig,Kandidat-/masteruddannelse
638,74,Egil Fabritius,Hulgaard,M,1962-03-30T00:00:00,C,Privat ansat/selvstændig,Ph.d.-uddannelse
639,515,Lennart Hartmann,Nielsen,M,1963-02-25T00:00:00,V,Privat ansat/selvstændig,Erhvervsuddannelse
640,453,Kenneth Fredslund,Petersen,M,1965-03-24T00:00:00,Æ,Privat ansat/selvstændig,10. klasse
641,332,Silke Anna,Hein,F,2000-08-12T00:00:00,I,Studerende,Bachelor-/diplomuddannelse
642,316,Kennet,Kolby,M,1976-03-30T00:00:00,I,Privat ansat/selvstændig,Erhvervsuddannelse
643,537,Ken,Kristensen,M,1972-10-07T00:00:00,V,Offentligt ansat,Gymnasial uddannelse
644,505,Linea,Søgaard-Lidell,F,1987-03-30T00:00:00,V,Europa-Parlamentariker,Kandidat-/masteruddannelse
645,207,Bjarne,Axelsen,M,1974-09-11T00:00:00,B,Offentligt ansat,Bachelor-/diplomuddannelse
646,400,Michael,Graakjær,M,1960-10-18T00:00:00,F,Privat ansat/selvstændig,Erhvervsuddannelse
647,796,Magnus Johannes,Heunicke,M,1975-01-28T00:00:00,A,Minister,Bachelor-/diplomuddannelse
648,953,Henrik Engelbrekt,Refshauge,M,1970-11-29T00:00:00,K,Leder,Kandidat-/masteruddannelse
649,891,Miralem,Garagic,M,1980-01-01T00:00:00,Ø,Ikke oplyst,Ikke oplyst
650,977,Morten,Vehl,M,1974-04-01T00:00:00,Æ,Privat ansat/selvstændig,Kandidat-/masteruddannelse
651,774,Thorkild,Holmboe-Hay,M,1965-01-14T00:00:00,A,Privat ansat/selvstændig,Kandidat-/masteruddannelse
652,710,Keld Marstrand,Wang,M,1980-07-16T00:00:00,B,Offentligt ansat,Bachelor-/diplomuddannelse
653,133,Michael,Norup,M,1970-11-22T00:00:00,C,Privat ansat/selvstændig,Gymnasial uddannelse
654,396,Jacob,Mark,M,1991-10-16T00:00:00,F,Folketingsmedlem,Bachelor-/diplomuddannelse
655,254,Ole Lynggaard,Jørgensen,M,1955-05-17T00:00:00,B,Udenfor arbejdsmarkedet,Bachelor-/diplomuddannelse
656,600,Kristian,Klarskov,M,1975-10-30T00:00:00,M,Privat ansat/selvstændig,Gymnasial uddannelse
657,739,Lars,Bregnbak,M,1963-07-27T00:00:00,Æ,Privat ansat/selvstændig,10. klasse
658,270,Zenia,Stampe,F,1979-03-30T00:00:00,B,Folketingsmedlem,Kandidat-/masteruddannelse
659,813,Dorthe,Hindborg,F,1968-01-01T00:00:00,A,Ikke oplyst,Ikke oplyst
660,1090,Jørgen,Eirfeldt,M,1954-01-01T00:00:00,V,Ikke oplyst,Ikke oplyst
661,535,Jacob,Jensen,M,1973-05-26T00:00:00,V,Folketingsmedlem,Kandidat-/masteruddannelse
662,616,Peter,Have,M,1963-09-25T00:00:00,M,Privat ansat/selvstændig,Erhvervsuddannelse
663,915,Jens Kristian,Nielsen,M,1968-12-08T00:00:00,K,Privat ansat/selvstændig,Ikke oplyst
664,19,Stine,Isaksen,F,1977-01-17T00:00:00,Å,Offentligt ansat,Kandidat-/masteruddannelse
665,383,Vivi Nør,Jacobsen,F,1976-07-05T00:00:00,F,Privat ansat/selvstændig,Kandidat-/masteruddannelse
666,70,Katarina,Ammitzbøll,F,1969-07-15T00:00:00,C,Folketingsmedlem,Kandidat-/masteruddannelse
667,910,Gunnar Bjørn,Thomsen,M,1957-02-08T00:00:00,K,Privat ansat/selvstændig,Erhvervsuddannelse
668,1052,Mette,Skamris,F,1983-08-02T00:00:00,Å,Offentligt ansat,Kandidat-/masteruddannelse
669,706,Søren Lahn,Sloth,M,1990-04-05T00:00:00,F,Offentligt ansat,Kandidat-/masteruddannelse
670,381,Serdal,Benli,M,1979-02-02T00:00:00,F,Leder,Kandidat-/masteruddannelse
671,188,Lars Boje,Mathiesen,M,1975-01-01T00:00:00,D,Ikke oplyst,Ikke oplyst
672,673,Jens,Lundager,M,1967-02-03T00:00:00,D,Privat ansat/selvstændig,Erhvervsuddannelse
673,248,Mia,Nybo,F,1989-05-05T00:00:00,B,Privat ansat/selvstændig,Kandidat-/masteruddannelse
674,415,Charlotte Broman,Mølbæk,F,1977-11-29T00:00:00,F,Folketingsmedlem,Bachelor-/diplomuddannelse
675,745,Steen,Frandsen,M,1961-06-18T00:00:00,A,Privat ansat/selvstændig,Kandidat-/masteruddannelse
676,878,Aksel Rosager,Johansen,M,1991-07-23T00:00:00,Ø,Offentligt ansat,Kandidat-/masteruddannelse
677,349,Claus,Willén,M,1963-01-15T00:00:00,I,Privat ansat/selvstændig,Bachelor-/diplomuddannelse
678,124,Anders,Johansson,M,1981-03-09T00:00:00,C,Leder,Bachelor-/diplomuddannelse
679,526,Hans,Andersen,M,1974-11-01T00:00:00,V,Folketingsmedlem,Kandidat-/masteruddannelse
680,761,Anders,Kronborg,M,1982-03-18T00:00:00,A,Folketingsmedlem,Bachelor-/diplomuddannelse
681,1032,Brian Lyck,Jørgensen,M,1982-08-19T00:00:00,O,Byråds- eller regionsrådsmedlem,Erhvervsuddannelse
682,783,Kaare Dybvad,Bek,M,1984-08-05T00:00:00,A,Minister,Kandidat-/masteruddannelse
683,54,Irina,Bjørnø,F,1959-01-16T00:00:00,Å,Udenfor arbejdsmarkedet,Ph.d.-uddannelse
684,623,Ulf,Helgstrand,M,1980-02-01T00:00:00,M,Offentligt ansat,Ph.d.-uddannelse
685,307,Tobias,Pagh,M,2002-02-23T00:00:00,I,Studerende,Bachelor-/diplomuddannelse
686,335,Steffen,Larsen,M,1983-12-05T00:00:00,I,Privat ansat/selvstændig,Erhvervsuddannelse
687,818,Benny,Engelbrecht,M,1970-08-04T00:00:00,A,Folketingsmedlem,Grundskole
688,721,Linda,Englyst,F,1974-02-09T00:00:00,Æ,Privat ansat/selvstændig,Ph.d.-uddannelse
689,1002,Line,Aaen,F,1965-03-04T00:00:00,Å,Offentligt ansat,Kandidat-/masteruddannelse
690,619,Rasmus Skindbjerg,Hinrichs,M,1987-05-28T00:00:00,M,Privat ansat/selvstændig,Bachelor-/diplomuddannelse
691,872,Charlotte,Lindberg,F,1987-07-30T00:00:00,Ø,Offentligt ansat,Bachelor-/diplomuddannelse
692,1031,Martin,Kelleher-Petersen,M,1985-04-15T00:00:00,Å,Privat ansat/selvstændig,Erhvervsuddannelse
693,51,Maud Margrethe,Pedersen,F,1962-12-30T00:00:00,Å,Privat ansat/selvstændig,Seminaruddannelse
694,230,Jeppe,Trolle,M,1969-05-28T00:00:00,B,Byråds- eller regionsrådsmedlem,Kandidat-/masteruddannelse
695,773,Frederik,Enevoldsen,M,1996-11-27T00:00:00,A,Privat ansat/selvstændig,Gymnasial uddannelse
696,687,John Hyrup,Jensen,M,1958-08-23T00:00:00,F,Offentligt ansat,Bachelor-/diplomuddannelse
697,933,Eva Skade,Rasmussen,F,1971-01-01T00:00:00,K,Ikke oplyst,Ikke oplyst
698,562,Lone,Kastberg,F,1966-01-01T00:00:00,V,Ikke oplyst,Ikke oplyst
699,103,Per Urban,Olsen,M,1961-08-20T00:00:00,C,Privat ansat/selvstændig,Erhvervsuddannelse
700,691,Katrine,Wulff,F,1981-05-29T00:00:00,F,Offentligt ansat,Bachelor-/diplomuddannelse
701,961,Pia Offer,Madsen,F,1973-07-11T00:00:00,V,Byråds- eller regionsrådsmedlem,Bachelor-/diplomuddannelse
702,518,Anita,Lilholt,F,1980-01-01T00:00:00,V,Ikke oplyst,Ikke oplyst
703,46,Sidsel,Dyekjær,F,1962-10-16T00:00:00,Å,Privat ansat/selvstændig,Kandidat-/masteruddannelse
704,762,Kim,Eskesen,M,1978-05-12T00:00:00,A,Offentligt ansat,Erhvervsuddannelse
705,593,Jeppe,Søe,M,1971-02-19T00:00:00,M,Privat ansat/selvstændig,Gymnasial uddannelse
706,294,Sandra Elisabeth,Skalvig,F,1990-10-09T00:00:00,I,Offentligt ansat,Bachelor-/diplomuddannelse
707,431,Line,Petersen,F,1992-02-28T00:00:00,F,Privat ansat/selvstændig,Bachelor-/diplomuddannelse
708,690,Karin B,Nissen,F,1973-03-14T00:00:00,F,Privat ansat/selvstændig,Kandidat-/masteruddannelse
709,165,Peter Seier,Christensen,M,1967-12-30T00:00:00,D,Folketingsmedlem,Ph.d.-uddannelse
710,343,Charlotte,Nellemann,F,1974-02-25T00:00:00,I,Privat ansat/selvstændig,Bachelor-/diplomuddannelse
711,755,Lone,Larsen,F,1953-10-21T00:00:00,A,Udenfor arbejdsmarkedet,Erhvervsuddannelse
712,859,Thue,Lundgaard,M,1973-01-01T00:00:00,Ø,Ikke oplyst,Ikke oplyst
713,172,Malte,Jäger,M,2002-07-28T00:00:00,D,Studerende,Bachelor-/diplomuddannelse
714,945,Michelle,West,F,1990-02-22T00:00:00,K,Studerende,Bachelor-/diplomuddannelse
715,219,Edris,Qasimi,M,1987-12-04T00:00:00,B,Offentligt ansat,Kandidat-/masteruddannelse
716,749,Anna,Thusgård,F,1996-09-23T00:00:00,A,Studerende,Kandidat-/masteruddannelse
717,246,Martin,Lidegaard,M,1966-12-12T00:00:00,B,Folketingsmedlem,Kandidat-/masteruddannelse
718,17,Liselotte Jakobe,Lundgaard,F,1976-01-01T00:00:00,Å,Ikke oplyst,Ikke oplyst
719,469,Pia,Kjærsgaard,F,1947-02-23T00:00:00,O,Folketingsmedlem,Erhvervsuddannelse
720,845,Marcus,Danielsson,M,1994-08-16T00:00:00,V,Offentligt ansat,Kandidat-/masteruddannelse
721,1026,Ida Haubart,Lund-Larsen,F,1992-01-01T00:00:00,Q,Ikke oplyst,Ikke oplyst
722,102,Charlotte,Green,F,1974-05-06T00:00:00,C,Offentligt ansat,Ph.d.-uddannelse
723,714,Lise,Bech,F,1961-09-16T00:00:00,Æ,Folketingsmedlem,Gymnasial uddannelse
724,952,Marcus,Sommerbirk,M,1963-12-18T00:00:00,K,Offentligt ansat,Kandidat-/masteruddannelse
725,59,Anders,Krøyer,M,1985-11-01T00:00:00,C,Privat ansat/selvstændig,Bachelor-/diplomuddannelse
726,443,Christian,Langballe,M,1967-01-17T00:00:00,O,Offentligt ansat,Kandidat-/masteruddannelse
727,33,Kirsten,Kock,F,1969-11-07T00:00:00,Å,Privat ansat/selvstændig,Gymnasial uddannelse
728,319,Mikkel,Rentzø,M,2001-07-29T00:00:00,I,Privat ansat/selvstændig,Gymnasial uddannelse
729,265,Stinus,Lindgreen,M,1980-08-09T00:00:00,B,Folketingsmedlem,Ph.d.-uddannelse
730,665,Rishi,Balachandran,M,1991-08-08T00:00:00,Q,Privat ansat/selvstændig,Kandidat-/masteruddannelse
731,499,Anders,Fausbøll,M,1976-11-19T00:00:00,V,Privat ansat/selvstændig,Ph.d.-uddannelse
732,330,Katrine,Daugaard,F,1981-10-01T00:00:00,I,Privat ansat/selvstændig,Kandidat-/masteruddannelse
733,331,Anders,Kirkeby,M,1991-06-08T00:00:00,I,Privat ansat/selvstændig,Erhvervsuddannelse
734,380,Rasmus,Henriksen,M,1984-07-30T00:00:00,F,Ikke oplyst,Ikke oplyst
735,791,Bjørn,Laursen,M,1961-09-22T00:00:00,A,Privat ansat/selvstændig,Erhvervsuddannelse
736,1023,Clara Rebecca,Svarc,F,1991-06-29T00:00:00,Q,Folketingsmedlem,Kandidat-/masteruddannelse
737,542,Rasmus,Hylleberg,M,1974-01-19T00:00:00,V,Byråds- eller regionsrådsmedlem,Kandidat-/masteruddannelse
738,1136,Tommi,Christensen,M,1951-01-01T00:00:00,A,Ikke oplyst,Ikke oplyst
739,178,Kim Andkjær,Doberck,M,1979-05-13T00:00:00,D,Privat ansat/selvstændig,Erhvervsuddannelse
740,418,Rasmus,Nordqvist,M,1975-07-18T00:00:00,F,Folketingsmedlem,Ikke oplyst
741,1132,Stine Zink,Kaasgaard,F,1980-01-01T00:00:00,Q,Ikke oplyst,Ikke oplyst
742,82,Rune,Kristensen,M,1982-01-01T00:00:00,C,Privat ansat/selvstændig,Kandidat-/masteruddannelse
743,994,Jan Bigum,Warming,M,1979-12-19T00:00:00,D,Leder,Erhvervsuddannelse
744,1088,Finn Hartvig,Nielsen,M,1979-10-26T00:00:00,B,Offentligt ansat,Kandidat-/masteruddannelse
745,479,Mikkel,Dencker,M,1975-11-20T00:00:00,O,Privat ansat/selvstændig,Gymnasial uddannelse
746,366,Kira,Danholm,F,1990-05-15T00:00:00,I,Offentligt ansat,Bachelor-/diplomuddannelse
747,947,Rolf,Bjerre,M,1997-02-03T00:00:00,K,Udenfor arbejdsmarkedet,Kandidat-/masteruddannelse
748,9,Mira Issa,Bloch,F,1970-05-05T00:00:00,Å,Ordfører for et parti,Bachelor-/diplomuddannelse
749,80,Stine Pilt,Olsen,F,1980-01-01T00:00:00,C,Ikke oplyst,Ikke oplyst
750,498,Nikolaj Leed,Henriksen,M,1996-09-26T00:00:00,V,Studerende,Kandidat-/masteruddannelse
751,1013,Henrik,Buchhave,M,1962-01-01T00:00:00,V,Ikke oplyst,Ikke oplyst
752,679,Christian Mutwa,Christensen,M,1982-04-17T00:00:00,F,Ikke oplyst,Kandidat-/masteruddannelse
753,626,Mike,Fonseca,M,1995-05-01T00:00:00,M,Offentligt ansat,Bachelor-/diplomuddannelse
754,362,Lars Høyer,Holmqvist,M,1978-02-27T00:00:00,I,Offentligt ansat,Kandidat-/masteruddannelse
755,1078,Søren,Rasmussen,M,1973-01-01T00:00:00,O,Ikke oplyst,Ikke oplyst
756,170,Alberte,Rasmussen,F,1988-10-30T00:00:00,D,Ikke oplyst,Ikke oplyst
757,1129,Rasmus,Paludan,M,1982-01-01T00:00:00,,Partileder,Kandidat-/masteruddannelse
758,206,Birger,Nissen,M,1946-05-31T00:00:00,B,Udenfor arbejdsmarkedet,Seminaruddannelse
759,334,Sinus,Kremmer,M,2004-01-01T00:00:00,I,Ikke oplyst,Ikke oplyst
760,345,Hira,Nadeem,F,2000-04-28T00:00:00,I,Studerende,Bachelor-/diplomuddannelse
761,49,Morten,Greve,M,1968-01-01T00:00:00,Å,Privat ansat/selvstændig,Kandidat-/masteruddannelse
762,985,Ahmet,Üzümcü,M,1987-04-01T00:00:00,Q,Privat ansat/selvstændig,Bachelor-/diplomuddannelse
763,315,Svend Stein,Olsen,M,2004-01-22T00:00:00,I,Ikke oplyst,Ikke oplyst
764,277,Peder,Hvelplund,M,1967-09-08T00:00:00,Ø,Folketingsmedlem,Bachelor-/diplomuddannelse
765,1010,Søren,Gade,M,1963-01-27T00:00:00,V,Europa-Parlamentariker,Kandidat-/masteruddannelse
766,1059,Kasper,Sørmer-Sørensen,M,1989-01-01T00:00:00,O,Ikke oplyst,Ikke oplyst
767,976,Henrik Tørnqvist,Lauridsen,M,1967-11-17T00:00:00,D,Privat ansat/selvstændig,Gymnasial uddannelse
768,900,Jan,Filbært,M,1965-08-08T00:00:00,Ø,Privat ansat/selvstændig,Erhvervsuddannelse
769,902,Marianne,Mose,F,1978-02-22T00:00:00,Ø,Offentligt ansat,Bachelor-/diplomuddannelse
770,88,Brigitte Klintskov,Jerkel,F,1969-07-21T00:00:00,C,Folketingsmedlem,Bachelor-/diplomuddannelse
771,532,Charlotte Bisserup,Bechfeldt,F,1992-02-17T00:00:00,V,Privat ansat/selvstændig,Kandidat-/masteruddannelse
772,631,Cecilie Winther,Kristensen,F,1994-02-11T00:00:00,O,Ikke oplyst,Ikke oplyst
773,713,Kristian,Bøgsted,M,1982-11-05T00:00:00,Æ,Privat ansat/selvstændig,Erhvervsuddannelse
774,867,Anders,Pedersen,M,1993-12-12T00:00:00,Ø,Privat ansat/selvstændig,Erhvervsuddannelse
775,27,Simon Nyborg,Jensen,M,1995-10-31T00:00:00,Å,Studerende,Bachelor-/diplomuddannelse
776,15,Mark,Jewkes,M,1963-11-02T00:00:00,Å,Offentligt ansat,Bachelor-/diplomuddannelse
777,1036,Liselotte Katarina,Rotfeld,F,1967-01-01T00:00:00,Å,Ikke oplyst,Ikke oplyst
778,422,Bente,Refslund,F,1957-04-23T00:00:00,F,Udenfor arbejdsmarkedet,Kandidat-/masteruddannelse
779,190,Mikkel,Bjørn,M,1995-10-19T00:00:00,D,Offentligt ansat,Bachelor-/diplomuddannelse
780,25,Anna Astrid,Høy-Nielsen,F,1999-05-21T00:00:00,Å,Studerende,Bachelor-/diplomuddannelse
781,291,Tobias,Clausen,M,1986-01-01T00:00:00,Ø,Privat ansat/selvstændig,Kandidat-/masteruddannelse
782,1122,Lasse Hjorthøj,Jensen,M,1995-01-01T00:00:00,F,Ikke oplyst,Ikke oplyst
783,1099,Anders,Bøge,M,1959-01-01T00:00:00,F,Ikke oplyst,Ikke oplyst
784,447,Nick,Zimmermann,M,1994-08-30T00:00:00,O,Offentligt ansat,Erhvervsuddannelse
785,880,Susanne,Flydtkjær,F,1962-12-06T00:00:00,Ø,Udenfor arbejdsmarkedet,Kandidat-/masteruddannelse
786,333,Christoffer Overgaard,Munk,M,1994-02-20T00:00:00,I,Privat ansat/selvstændig,Ikke oplyst
787,640,Lasse,Holmqvist,M,1983-01-01T00:00:00,O,Ikke oplyst,Ikke oplyst
788,232,Johan,Brødsgaard,M,1993-09-22T00:00:00,B,Ikke oplyst,Ikke oplyst
789,814,Anne,Paulin,F,1988-01-05T00:00:00,A,Folketingsmedlem,Kandidat-/masteruddannelse
790,213,Christian Holm,Donatzky,M,1973-05-20T00:00:00,B,Privat ansat/selvstændig,Kandidat-/masteruddannelse
791,926,Nanna,Bock,F,1950-01-01T00:00:00,K,Ikke oplyst,Ikke oplyst
792,367,Josephine,Svane,F,2003-01-01T00:00:00,I,Ikke oplyst,Ikke oplyst
793,980,Helle,Jensen,F,1978-04-11T00:00:00,I,Offentligt ansat,Bachelor-/diplomuddannelse
794,651,Signe Vedersø,Keldorff,F,2002-03-18T00:00:00,O,Privat ansat/selvstændig,Gymnasial uddannelse
795,370,Carl,Valentin,M,1992-03-11T00:00:00,F,Folketingsmedlem,Bachelor-/diplomuddannelse
796,895,Victoria Bøgh,Salo,F,1988-09-19T00:00:00,Ø,Privat ansat/selvstændig,Kandidat-/masteruddannelse
797,585,Dina,Mofidi,F,1998-01-01T00:00:00,M,Studerende,Kandidat-/masteruddannelse
798,261,Samira,Nawa,F,1988-03-30T00:00:00,B,Folketingsmedlem,Kandidat-/masteruddannelse
799,1082,Rinnie,Ilsøe,F,1979-01-01T00:00:00,Å,Ikke oplyst,Ikke oplyst
800,1054,Mette,Jeppesen,F,1957-02-02T00:00:00,Å,Privat ansat/selvstændig,Kandidat-/masteruddannelse
801,597,Kasper Søstrøm,Müller,M,1986-06-27T00:00:00,M,Privat ansat/selvstændig,Bachelor-/diplomuddannelse
802,267,Thomas,Rohden,M,1996-01-31T00:00:00,B,Privat ansat/selvstændig,Bachelor-/diplomuddannelse
803,781,Flemming Møller,Mortensen,M,1963-01-01T00:00:00,A,Ikke oplyst,Ikke oplyst
804,262,Signe,Driefer,F,2001-09-11T00:00:00,B,Ikke oplyst,Ikke oplyst
805,288,Rasmus Vestergaard,Madsen,M,1991-06-07T00:00:00,Ø,Offentligt ansat,Seminaruddannelse
806,369,Balder Mørk,Andersen,M,1976-04-16T00:00:00,F,Privat ansat/selvstændig,Kandidat-/masteruddannelse
807,601,Lars Arne,Christensen,M,1965-01-01T00:00:00,M,Privat ansat/selvstændig,Kandidat-/masteruddannelse
808,951,Tina,Mørk,F,1961-11-22T00:00:00,K,Leder,Kandidat-/masteruddannelse
809,778,Anders,Andreasen,M,1974-01-01T00:00:00,A,Privat ansat/selvstændig,Bachelor-/diplomuddannelse
810,589,Freya Luna,Andersen,F,2003-10-08T00:00:00,M,Studerende,10. klasse
811,973,Frida Vyff,Bruun,F,1988-12-31T00:00:00,M,Offentligt ansat,Bachelor-/diplomuddannelse
812,728,Martin Jason,Adelgaard,M,1974-11-02T00:00:00,Æ,Studerende,Erhvervsuddannelse
813,144,Casper Nørgaard,Maglekær,M,1986-08-15T00:00:00,C,Privat ansat/selvstændig,Gymnasial uddannelse
814,724,Karina,Adsbøl,F,1977-11-28T00:00:00,Æ,Folketingsmedlem,Erhvervsuddannelse
815,26,Martin,Kjærulff,M,1978-10-17T00:00:00,Å,Privat ansat/selvstændig,Gymnasial uddannelse
816,738,Marlene,Harpsøe,F,1983-08-03T00:00:00,Æ,Offentligt ansat,Bachelor-/diplomuddannelse
817,73,Niels Martin,Viuff,M,1960-06-04T00:00:00,C,Privat ansat/selvstændig,Bachelor-/diplomuddannelse
818,467,Merete Dea,Larsen,F,1978-04-19T00:00:00,O,Offentligt ansat,Gymnasial uddannelse
819,480,Susanne,Damsgaard,F,1961-02-26T00:00:00,O,Offentligt ansat,Bachelor-/diplomuddannelse
820,829,Kris Jensen,Skriver,M,1988-11-10T00:00:00,A,Offentligt ansat,Seminaruddannelse
821,833,Karin,Gaardsted,F,1955-01-01T00:00:00,A,Udenfor arbejdsmarkedet,Seminaruddannelse
822,621,Tobias Grotkjær,Elmstrøm,M,1982-06-12T00:00:00,M,Privat ansat/selvstændig,Kandidat-/masteruddannelse
823,69,Christoffer Buster,Reinhardt,M,1991-03-25T00:00:00,C,Byråds- eller regionsrådsmedlem,Bachelor-/diplomuddannelse
824,790,Astrid,Krag,F,1982-11-17T00:00:00,A,Minister,Gymnasial uddannelse
825,1051,Allon Hein,Sørensen,M,1972-08-04T00:00:00,Å,Privat ansat/selvstændig,10. klasse
826,663,Mohamed,Abdikarim,M,1989-10-10T00:00:00,Q,Privat ansat/selvstændig,Bachelor-/diplomuddannelse
827,509,Søren,Sørensen,M,1949-01-01T00:00:00,V,Ikke oplyst,Ikke oplyst
828,16,Mikkel,Larsson,M,1999-11-15T00:00:00,Å,Studerende,Bachelor-/diplomuddannelse
829,702,Silje,Brynildsen,F,2002-06-03T00:00:00,F,Offentligt ansat,Gymnasial uddannelse
830,540,Morten,Dahlin,M,1989-05-01T00:00:00,V,Folketingsmedlem,Bachelor-/diplomuddannelse
831,990,Rikke,Tangaa,F,1973-03-31T00:00:00,V,Privat ansat/selvstændig,Gymnasial uddannelse
832,844,Marianne,Mathiesen,F,1952-10-14T00:00:00,D,Privat ansat/selvstændig,Kandidat-/masteruddannelse
833,769,Bjarne,Laustsen,M,1953-12-09T00:00:00,A,Folketingsmedlem,Erhvervsuddannelse
834,925,Hanna-Maria Smed Molte,Lyng,F,2000-05-10T00:00:00,K,Udenfor arbejdsmarkedet,Gymnasial uddannelse
835,1104,Flemming,Blicher,M,1968-01-01T00:00:00,,Ikke oplyst,Ikke oplyst
836,1053,Mariane,Lunden,F,1963-01-02T00:00:00,Å,Ikke oplyst,Erhvervsuddannelse
837,771,Sebastian,Schwartz,M,2000-07-30T00:00:00,A,Studerende,Bachelor-/diplomuddannelse
838,1107,Hans,Rytter,M,1962-01-01T00:00:00,D,Ikke oplyst,Ikke oplyst
839,489,Julie Pauch,Nymark,F,1995-07-29T00:00:00,V,Offentligt ansat,Kandidat-/masteruddannelse
840,707,Thomas,Kjeldsen,M,1969-01-01T00:00:00,F,Ikke oplyst,Ikke oplyst
841,922,Inge,Jensen,F,1961-01-03T00:00:00,K,Offentligt ansat,Erhvervsuddannelse
842,608,Marina,Andersen,F,1976-01-27T00:00:00,M,Privat ansat/selvstændig,Kandidat-/masteruddannelse
843,1057,Claus,Engskov,M,1983-08-20T00:00:00,O,Ikke oplyst,Ikke oplyst
844,580,Anastasia Valentin,Rasmussen,F,1982-02-09T00:00:00,M,Privat ansat/selvstændig,Bachelor-/diplomuddannelse
845,52,Jesper,Callesen,M,1960-01-21T00:00:00,Å,Privat ansat/selvstændig,Kandidat-/masteruddannelse
846,898,Johanna-Maria,Precht,F,1963-12-29T00:00:00,Ø,Offentligt ansat,Seminaruddannelse
847,477,Kim Malmberg,Hansen,M,1960-12-24T00:00:00,O,Offentligt ansat,Erhvervsuddannelse
848,472,Paw,Karslund,M,1973-03-11T00:00:00,O,Offentligt ansat,Erhvervsuddannelse
849,160,Carsten,Winther,M,1970-07-03T00:00:00,D,Privat ansat/selvstændig,Erhvervsuddannelse
850,948,Jesper,Housgaard,M,1982-10-16T00:00:00,K,Privat ansat/selvstændig,Erhvervsuddannelse
851,740,Claus,Gisselmann,M,1967-01-20T00:00:00,Æ,Privat ansat/selvstændig,Erhvervsuddannelse
852,921,Nils-Erik,Mulvad,M,1960-01-01T00:00:00,K,Ikke oplyst,Ikke oplyst
853,544,Anni,Matthiesen,F,1964-02-08T00:00:00,V,Folketingsmedlem,Erhvervsuddannelse
854,1009,Mette Lene,Jensen,F,1967-05-03T00:00:00,V,Offentligt ansat,Kandidat-/masteruddannelse
855,320,Thorbjørn,Jacobsen,M,1980-11-09T00:00:00,I,Privat ansat/selvstændig,Bachelor-/diplomuddannelse
856,852,Necla,Baran,F,1978-01-01T00:00:00,Ø,Ikke oplyst,Ikke oplyst
857,652,Simon,Hampe,M,1994-01-02T00:00:00,O,Privat ansat/selvstændig,Bachelor-/diplomuddannelse
858,553,Preben,Friis-Hauge,M,1961-12-07T00:00:00,V,Byråds- eller regionsrådsmedlem,Kandidat-/masteruddannelse
859,303,Henrik,Dahl,M,1960-02-20T00:00:00,I,Folketingsmedlem,Ph.d.-uddannelse
860,20,Kirsten,Hindbo,F,1959-11-11T00:00:00,Å,Privat ansat/selvstændig,Bachelor-/diplomuddannelse
861,654,Sikandar,Siddique,M,1986-10-04T00:00:00,Q,Ikke oplyst,Ikke oplyst
862,8,Nikoline Erbs,Hillers-Bendtsen,F,2001-04-23T00:00:00,Å,Studerende,Bachelor-/diplomuddannelse
863,140,Rasmus Elkjær,Larsen,M,1971-05-21T00:00:00,C,Byråds- eller regionsrådsmedlem,Bachelor-/diplomuddannelse
864,154,Niels Peder,Ravn,M,1967-06-18T00:00:00,D,Privat ansat/selvstændig,Erhvervsuddannelse
865,958,Michael,Mikkelsen,M,1972-08-05T00:00:00,Æ,Privat ansat/selvstændig,Erhvervsuddannelse
866,904,Benny,Dall,M,1956-02-19T00:00:00,Ø,Privat ansat/selvstændig,Gymnasial uddannelse
867,804,Iben,Sønderup,F,1969-05-13T00:00:00,A,Offentligt ansat,Kandidat-/masteruddannelse
868,187,Mogens,Aaby,M,1965-07-10T00:00:00,D,Privat ansat/selvstændig,Erhvervsuddannelse
869,1083,Jørn,Bjorholm,M,1955-01-01T00:00:00,Å,Ikke oplyst,Ikke oplyst
870,817,Maria,Gudme,F,1989-03-14T00:00:00,A,Folketingsmedlem,Bachelor-/diplomuddannelse
871,83,Regitze Harslund,Sancoeur,F,1998-12-17T00:00:00,C,Privat ansat/selvstændig,Bachelor-/diplomuddannelse
872,1071,John Bo,Hansen,M,1957-01-01T00:00:00,O,Ikke oplyst,Ikke oplyst
873,1039,Simon,Lavdal,M,1992-12-20T00:00:00,K,Privat ansat/selvstændig,Bachelor-/diplomuddannelse
874,72,Nikolaj,Frederiksen,M,1968-02-04T00:00:00,C,Offentligt ansat,Erhvervsuddannelse
875,233,Josefine,Schlosser,F,1997-12-25T00:00:00,B,Byråds- eller regionsrådsmedlem,Bachelor-/diplomuddannelse
876,871,Rasmus Bøgh,Vinther,M,2000-09-16T00:00:00,Ø,Studerende,Bachelor-/diplomuddannelse
877,84,Mads,Andersen,M,1989-04-24T00:00:00,C,Privat ansat/selvstændig,Bachelor-/diplomuddannelse
878,715,Peter,Lindholt,M,1966-06-11T00:00:00,Æ,Offentligt ansat,Erhvervsuddannelse
879,821,Yildiz,Akdogan,F,1973-01-01T00:00:00,A,Ikke oplyst,Kandidat-/masteruddannelse
880,930,Jenan Jamel,Bozo,M,1960-01-01T00:00:00,K,Ikke oplyst,Ikke oplyst
881,341,Louise Siv,Ebbesen,F,1990-09-13T00:00:00,I,Offentligt ansat,Kandidat-/masteruddannelse
882,681,Dorte M.,Nielsen,F,1966-04-10T00:00:00,F,Offentligt ansat,Bachelor-/diplomuddannelse
883,1125,Mads Damgaard,Mortensen,M,1994-01-01T00:00:00,Å,Ikke oplyst,Ikke oplyst
884,1055,Sofie,Groth,F,1990-12-17T00:00:00,Å,Offentligt ansat,Kandidat-/masteruddannelse
885,758,Lars,Werge,M,1966-08-29T00:00:00,A,Privat ansat/selvstændig,Bachelor-/diplomuddannelse
886,656,Rajesh,Holmen,M,1988-08-17T00:00:00,Q,Privat ansat/selvstændig,Kandidat-/masteruddannelse
887,186,Inger-Marie,Tryde,F,1973-09-11T00:00:00,D,Byråds- eller regionsrådsmedlem,Grundskole
888,919,Henning,Østergaard,M,1949-01-11T00:00:00,K,Udenfor arbejdsmarkedet,Erhvervsuddannelse
889,1018,Elena,Ryan,F,1995-01-01T00:00:00,Q,Ikke oplyst,Ikke oplyst
890,1060,Jenny,Andresen,F,1982-11-15T00:00:00,Æ,Offentligt ansat,Bachelor-/diplomuddannelse
891,582,Carina Bloch,Simonsen,F,1973-05-13T00:00:00,M,Privat ansat/selvstændig,Kandidat-/masteruddannelse
892,795,Dan,Jørgensen,M,1975-06-06T00:00:00,A,Minister,Kandidat-/masteruddannelse
893,624,Stine Maureen,Rosenquist,F,1971-04-21T00:00:00,M,Privat ansat/selvstændig,Kandidat-/masteruddannelse
894,667,Susanne,Zimmer,F,1960-01-01T00:00:00,Q,Ikke oplyst,Ikke oplyst
895,1024,Jasmin,Kaur,F,2001-08-15T00:00:00,Q,Studerende,Bachelor-/diplomuddannelse
896,732,Susie,Jessen,F,1985-02-21T00:00:00,Æ,Privat ansat/selvstændig,Bachelor-/diplomuddannelse
897,60,Nicola Emily,Larsen,F,2002-08-05T00:00:00,C,Studerende,Bachelor-/diplomuddannelse
898,1068,Charlotte,Møller-Madsen,F,1973-01-01T00:00:00,O,Ikke oplyst,Ikke oplyst
899,666,Yadvinder,Singh,M,1992-02-28T00:00:00,Q,Ikke oplyst,Ikke oplyst
900,461,Jakob,Kjærsgaard,M,1991-08-10T00:00:00,O,Privat ansat/selvstændig,Gymnasial uddannelse
901,786,Maria,Durhuus,F,1977-09-25T00:00:00,A,Offentligt ansat,Bachelor-/diplomuddannelse
902,66,Merete,Scheelsbeck,F,1986-06-23T00:00:00,C,Byråds- eller regionsrådsmedlem,Kandidat-/masteruddannelse
903,1072,Jon,Krongaard,M,1988-01-01T00:00:00,O,Ikke oplyst,Ikke oplyst
904,777,Henrik,Møller,M,1965-11-16T00:00:00,A,Folketingsmedlem,Gymnasial uddannelse
905,678,Andreas Berendt,Bæk,M,2000-01-15T00:00:00,F,Studerende,Gymnasial uddannelse
906,75,Mette,Abildgaard,F,1988-12-10T00:00:00,C,Folketingsmedlem,Kandidat-/masteruddannelse
907,313,Ragnar,Dixen,M,1987-04-28T00:00:00,I,Privat ansat/selvstændig,Bachelor-/diplomuddannelse
908,138,Niels Flemming,Hansen,M,1974-05-16T00:00:00,C,Folketingsmedlem,Gymnasial uddannelse
909,896,Niels Bjarne,Lund,M,1957-09-30T00:00:00,Ø,Privat ansat/selvstændig,Erhvervsuddannelse
910,40,Birgitte Kehler,Holst,F,1971-12-02T00:00:00,Å,Offentligt ansat,Kandidat-/masteruddannelse
911,289,Astrid Vang,Hansen,F,1987-08-05T00:00:00,Ø,Ikke oplyst,Ikke oplyst
912,711,Rasmus,Sandvej,M,1984-12-05T00:00:00,C,Leder,Bachelor-/diplomuddannelse
913,606,Lucas,Olsgaard,M,2002-01-05T00:00:00,M,Offentligt ansat,Gymnasial uddannelse
914,273,Mai,Villadsen,F,1991-12-26T00:00:00,Ø,Folketingsmedlem,Ikke oplyst
915,419,Sofie,Lippert,F,1995-12-20T00:00:00,F,Studerende,Kandidat-/masteruddannelse
916,433,Peder,Larsen,M,1972-12-29T00:00:00,F,Offentligt ansat,Bachelor-/diplomuddannelse
917,1067,Anders Bo,Larsen,M,1984-11-03T00:00:00,V,Privat ansat/selvstændig,Bachelor-/diplomuddannelse
918,571,Jens,Kloppenborg-Skrumsager,M,1970-05-29T00:00:00,V,Leder,Bachelor-/diplomuddannelse
919,834,Brian,Bressendorff,M,1987-11-24T00:00:00,A,Offentligt ansat,Kandidat-/masteruddannelse
920,143,Frederik Bloch,Münster,M,1994-11-03T00:00:00,C,Privat ansat/selvstændig,Kandidat-/masteruddannelse
921,285,Ibrahim,Benli,M,1979-06-06T00:00:00,Ø,Offentligt ansat,Kandidat-/masteruddannelse
922,806,Jeppe,Kofod,M,1974-03-15T00:00:00,A,Ikke oplyst,Ikke oplyst
923,799,Mads Madsen,Henriksen,M,1989-10-03T00:00:00,A,Ikke oplyst,Ikke oplyst
924,549,Kasper B.,Mundt,M,1994-05-12T00:00:00,V,Offentligt ansat,Bachelor-/diplomuddannelse
925,989,Thomas,Kristoffersen,M,1996-01-01T00:00:00,V,Ikke oplyst,Ikke oplyst
926,894,Camilla Dalum,Jensen,F,2001-08-15T00:00:00,Ø,Privat ansat/selvstændig,Erhvervsuddannelse
927,521,Marie,Bjerre,F,1986-05-06T00:00:00,V,Folketingsmedlem,Kandidat-/masteruddannelse
928,1106,Gustav Sieg,Sørensen,M,1951-01-01T00:00:00,Å,Ikke oplyst,Ikke oplyst
929,1038,Ane Line,Søndergaard,F,1972-09-05T00:00:00,Å,Offentligt ansat,Bachelor-/diplomuddannelse
930,142,Steen Holm,Iversen,M,1964-10-10T00:00:00,C,Offentligt ansat,Bachelor-/diplomuddannelse
931,812,Thomas,Jensen,M,1970-10-19T00:00:00,A,Folketingsmedlem,Kandidat-/masteruddannelse
932,286,Reza,Javid,M,1963-03-24T00:00:00,Ø,Byråds- eller regionsrådsmedlem,Kandidat-/masteruddannelse
933,55,Allan Bilgaard,Beier,M,1981-06-10T00:00:00,C,Offentligt ansat,Bachelor-/diplomuddannelse
934,530,Thomas,Elong,M,1976-10-17T00:00:00,V,Privat ansat/selvstændig,Bachelor-/diplomuddannelse
935,278,Sinem,Demir,F,1992-04-11T00:00:00,Ø,Privat ansat/selvstændig,Erhvervsuddannelse
936,1108,Henrik,Husted,M,1964-01-01T00:00:00,D,Ikke oplyst,Ikke oplyst
937,357,Jonas Urth,Jensen,M,2000-05-15T00:00:00,I,Studerende,Gymnasial uddannelse
938,935,Gert,Dyrn,M,1968-01-01T00:00:00,K,Ikke oplyst,Ikke oplyst
939,788,Nikoline,Prehn,F,2002-04-05T00:00:00,A,Studerende,Bachelor-/diplomuddannelse
940,1050,Ayan,Farah,F,1991-01-01T00:00:00,Q,Ikke oplyst,Ikke oplyst
941,884,Runa Friis,Hansen,F,1984-08-27T00:00:00,Ø,Byråds- eller regionsrådsmedlem,Bachelor-/diplomuddannelse
942,471,Kim,Errebo,M,1975-01-29T00:00:00,O,Offentligt ansat,Bachelor-/diplomuddannelse
943,957,Christian,Wibholm,M,1967-10-23T00:00:00,Æ,Privat ansat/selvstændig,Erhvervsuddannelse
944,826,Barbara Krarup,Hansen,F,1974-01-01T00:00:00,A,Ikke oplyst,Ikke oplyst
945,856,Stefan,Rundstrøm,M,1999-04-27T00:00:00,Ø,Studerende,Bachelor-/diplomuddannelse
946,347,Joanne,Bywater,F,1980-06-06T00:00:00,I,Privat ansat/selvstændig,Kandidat-/masteruddannelse
947,1066,Jacob,Stryhn,M,1970-10-03T00:00:00,C,Privat ansat/selvstændig,Erhvervsuddannelse
948,1005,Thor Clasen,Jonasen,M,1975-01-01T00:00:00,Å,Ikke oplyst,Ikke oplyst
949,914,Anne-Marie,Jørgensen,F,1969-12-11T00:00:00,K,Offentligt ansat,Bachelor-/diplomuddannelse
950,612,Monika,Rubin,F,1987-12-20T00:00:00,M,Offentligt ansat,Kandidat-/masteruddannelse
951,1076,Rita Rahbek,Russell,F,1952-01-01T00:00:00,O,Ikke oplyst,Ikke oplyst
952,746,Morten,Klessen,M,1969-04-09T00:00:00,A,Privat ansat/selvstændig,Seminaruddannelse
953,837,Joachim,Riis-Bernickow,M,1989-02-03T00:00:00,I,Ikke oplyst,Ikke oplyst
954,506,Martin,Geertsen,M,1970-03-15T00:00:00,V,Folketingsmedlem,Kandidat-/masteruddannelse
955,699,Niels Kristian,Larsen,M,2001-04-04T00:00:00,F,Offentligt ansat,Gymnasial uddannelse
956,1001,Carsten,Borup,M,1951-01-01T00:00:00,Å,Ikke oplyst,Ikke oplyst
957,197,Lars,Rem,M,1962-09-22T00:00:00,D,Privat ansat/selvstændig,Gymnasial uddannelse
958,95,Marcus,Knuth,M,1976-04-02T00:00:00,C,Folketingsmedlem,Kandidat-/masteruddannelse
959,572,Lene,Prip-Sørensen,F,1981-06-09T00:00:00,V,Offentligt ansat,Kandidat-/masteruddannelse
960,500,Anne,Rasmussen,F,1971-04-14T00:00:00,V,Folketingsmedlem,Erhvervsuddannelse
961,164,Mette,Thiesen,F,1981-12-20T00:00:00,D,Folketingsmedlem,Bachelor-/diplomuddannelse
962,659,Asham,Nadeem,M,1996-10-14T00:00:00,Q,Udenfor arbejdsmarkedet,Bachelor-/diplomuddannelse
963,507,Michael,Lange,M,1963-01-01T00:00:00,V,Ikke oplyst,Ikke oplyst
964,1110,Jan,Schumann,M,1947-01-01T00:00:00,Å,Ikke oplyst,Ikke oplyst
965,932,Palle,Rosenkilde,M,1966-04-26T00:00:00,K,Offentligt ansat,Kandidat-/masteruddannelse
966,586,Ellen,Emilie,F,2001-11-09T00:00:00,M,Leder,Gymnasial uddannelse
967,279,Søren Egge,Rasmussen,M,1961-07-02T00:00:00,Ø,Folketingsmedlem,Erhvervsuddannelse
968,340,Jørgen,Juhl,M,1966-01-01T00:00:00,I,Offentligt ansat,Kandidat-/masteruddannelse
969,583,Carsten Damgaard,Møller,M,1970-09-18T00:00:00,M,Ikke oplyst,Ikke oplyst
970,1043,Niclas,Aarestrup,M,1973-01-01T00:00:00,K,Privat ansat/selvstændig,Bachelor-/diplomuddannelse
971,184,Allan,Berg,M,1970-03-22T00:00:00,D,Privat ansat/selvstændig,Erhvervsuddannelse
972,222,Frederik Aagaard,Sørensen,M,1985-12-26T00:00:00,B,Offentligt ansat,Kandidat-/masteruddannelse
973,135,Bitten Kvist,Jakobsen,F,1969-06-24T00:00:00,C,Leder,Seminaruddannelse
974,547,Eva Kjer,Hansen,F,1964-01-01T00:00:00,V,Folketingsmedlem,Kandidat-/masteruddannelse
975,101,Klaus,Nyengaard,M,1970-09-02T00:00:00,C,Privat ansat/selvstændig,Kandidat-/masteruddannelse
976,644,Majbritt,Birkholm,F,1981-05-10T00:00:00,O,Offentligt ansat,Erhvervsuddannelse
977,513,Karen,Ellemann,F,1969-08-26T00:00:00,V,Folketingsmedlem,Seminaruddannelse
978,543,Stén,Knuth,M,1964-12-15T00:00:00,V,Privat ansat/selvstændig,Seminaruddannelse
979,201,Abbas,Razvi,M,1948-03-01T00:00:00,B,Udenfor arbejdsmarkedet,Bachelor-/diplomuddannelse
980,595,Jon,Stephensen,M,1959-12-24T00:00:00,M,Udenfor arbejdsmarkedet,Kandidat-/masteruddannelse
981,283,Christine,Lundgaard,F,1974-05-16T00:00:00,Ø,Privat ansat/selvstændig,Kandidat-/masteruddannelse
982,801,Trine,Bramsen,F,1981-03-26T00:00:00,A,Minister,Kandidat-/masteruddannelse
983,7,Torsten,Gejl,M,1964-01-30T00:00:00,Å,Folketingsmedlem,Gymnasial uddannelse
984,119,Mai,Mercado,F,1980-08-20T00:00:00,C,Folketingsmedlem,Kandidat-/masteruddannelse
985,181,Rune,Bønnelykke,M,1972-07-19T00:00:00,D,Privat ansat/selvstændig,Bachelor-/diplomuddannelse
986,1094,Henrik Ræder,Clausen,M,1963-09-21T00:00:00,D,Ikke oplyst,Ikke oplyst
987,991,Louise,Louring,F,1992-05-23T00:00:00,V,Privat ansat/selvstændig,Kandidat-/masteruddannelse
988,339,David,Ibsen,M,1978-01-01T00:00:00,I,Privat ansat/selvstændig,Bachelor-/diplomuddannelse
989,563,Mads,Fuglede,M,1971-08-23T00:00:00,V,Folketingsmedlem,Kandidat-/masteruddannelse
990,520,Maja,Torp,F,1973-04-05T00:00:00,V,Folketingsmedlem,Kandidat-/masteruddannelse
991,310,Kenneth,Kirkeby,M,1988-07-30T00:00:00,I,Leder,Bachelor-/diplomuddannelse
992,717,Dennis,Flydtkjær,M,1978-03-13T00:00:00,Æ,Folketingsmedlem,Erhvervsuddannelse
993,302,Henrik,Thomsen,M,1972-01-01T00:00:00,I,Ikke oplyst,Ikke oplyst
994,210,Carolina Magdalene,Maier,F,1973-11-28T00:00:00,B,Leder,Kandidat-/masteruddannelse
995,58,Helle,Jønch,F,1972-02-19T00:00:00,C,Privat ansat/selvstændig,Kandidat-/masteruddannelse
996,763,Kim,Aas,M,1970-06-15T00:00:00,A,Offentligt ansat,Bachelor-/diplomuddannelse
997,108,Hanne,Bjørn,F,1972-03-25T00:00:00,C,Privat ansat/selvstændig,Erhvervsuddannelse
998,605,Louise,Davidsen,F,1979-07-12T00:00:00,M,Privat ansat/selvstændig,Bachelor-/diplomuddannelse
999,193,Sysser,Nørholm,F,1964-01-01T00:00:00,D,Ikke oplyst,Ikke oplyst
1000,866,Jesper Yde,Knudsen,M,1962-04-29T00:00:00,Ø,Offentligt ansat,Kandidat-/masteruddannelse
1001,642,Lene,Baggesø,F,1970-10-26T00:00:00,O,Privat ansat/selvstændig,Grundskole
1002,785,Thomas,Monberg,M,1976-04-19T00:00:00,A,Offentligt ansat,Erhvervsuddannelse
1003,423,Karsten,Filsø,M,1959-09-07T00:00:00,F,Privat ansat/selvstændig,Bachelor-/diplomuddannelse
1004,863,Laura,Kofod,F,1988-09-12T00:00:00,Ø,Offentligt ansat,Kandidat-/masteruddannelse
1005,899,Selma,Bolø,F,1998-05-17T00:00:00,Ø,Studerende,Bachelor-/diplomuddannelse
1006,244,Maria Katarina,Nielsen,F,1995-11-04T00:00:00,B,Studerende,Kandidat-/masteruddannelse
1007,324,Morten Kolbe,Thomsen,M,2001-07-06T00:00:00,I,Studerende,Bachelor-/diplomuddannelse
1008,808,Lea,Wermelin,F,1985-05-10T00:00:00,A,Folketingsmedlem,Kandidat-/masteruddannelse
1009,444,Kim,Christiansen,M,1956-09-14T00:00:00,O,Privat ansat/selvstændig,Erhvervsuddannelse
1010,297,Frederik,Grünfeld,M,1996-01-01T00:00:00,I,Ikke oplyst,Ikke oplyst
1011,641,Laura,Guldager,F,2001-05-09T00:00:00,O,Studerende,Bachelor-/diplomuddannelse
1012,575,Tina Lund,Sørensen,F,1981-06-19T00:00:00,V,Offentligt ansat,Ikke oplyst
1013,1092,Peder Holk,Svendsen,M,1972-03-05T00:00:00,F,Privat ansat/selvstændig,Kandidat-/masteruddannelse
